date,PriceBTC,PriceUSD
1/23/2014,1.90E-06,0.001540753
1/24/2014,2.42E-06,0.001887939
1/25/2014,2.41E-06,0.001936749
1/26/2014,2.38E-06,0.001936749
1/27/2014,2.18E-06,0.001617744
1/28/2014,2.09E-06,0.001650983
1/29/2014,0.00000199,0.001578835
1/30/2014,2.05E-06,0.0016392
1/31/2014,2.39E-06,0.001919738
2/1/2014,1.84E-06,0.001496324
2/2/2014,0.00000173,0.001409069
2/3/2014,0.0000016,0.001291196
2/4/2014,1.38E-06,0.001103717
2/5/2014,1.62E-06,0.001273974
2/6/2014,1.67E-06,0.001275161
2/7/2014,1.54E-06,0.00109582
2/8/2014,1.64E-06,0.001111399
2/9/2014,1.86E-06,0.001278575
2/10/2014,2.12E-06,0.00145203
2/11/2014,0.00000261,0.001753658
2/12/2014,2.69E-06,0.001760993
2/13/2014,2.44E-06,0.001493211
2/14/2014,2.35E-06,0.001569415
2/15/2014,2.30E-06,0.001505315
2/16/2014,2.32E-06,0.001445798
2/17/2014,2.21E-06,0.001395249
2/18/2014,2.16E-06,0.001352066
2/19/2014,0.00000207,0.001290728
2/20/2014,2.09E-06,0.001179097
2/21/2014,1.87E-06,0.001087785
2/22/2014,2.09E-06,0.001271611
2/23/2014,1.85E-06,0.001129759
2/24/2014,1.82E-06,0.000989276
2/25/2014,1.78E-06,0.00094938
2/26/2014,2.08E-06,0.001220163
2/27/2014,1.98E-06,0.001157987
2/28/2014,1.88E-06,0.001038425
3/1/2014,1.87E-06,0.001058557
3/2/2014,1.74E-06,0.000973493
3/3/2014,1.60E-06,0.00108388
3/4/2014,1.55E-06,0.001047849
3/5/2014,1.59E-06,0.001066081
3/6/2014,1.52E-06,0.001011685
3/7/2014,1.46E-06,0.000922514
3/8/2014,0.0000014,0.000870134
3/9/2014,1.37E-06,0.000877593
3/10/2014,1.24E-06,0.000778191
3/11/2014,1.22E-06,0.000773175
3/12/2014,1.46E-06,0.000924314
3/13/2014,1.35E-06,0.000865936
3/14/2014,1.38E-06,0.000866596
3/15/2014,1.32E-06,0.00084014
3/16/2014,1.33E-06,0.000843405
3/17/2014,1.24E-06,0.000772937
3/18/2014,1.24E-06,0.000760205
3/19/2014,1.25E-06,0.000764353
3/20/2014,1.23E-06,0.000720234
3/21/2014,1.21E-06,0.000687757
3/22/2014,1.20E-06,0.000677907
3/23/2014,1.23E-06,0.000684881
3/24/2014,1.13E-06,0.0006636
3/25/2014,1.12E-06,0.000652534
3/26/2014,1.05E-06,0.000611075
3/27/2014,1.03E-06,0.000499792
3/28/2014,1.06E-06,0.000527141
3/29/2014,1.27E-06,0.000620129
3/30/2014,1.14E-06,0.00052467
3/31/2014,1.10E-06,0.000499262
4/1/2014,1.09E-06,0.000521416
4/2/2014,1.05E-06,0.000460914
4/3/2014,0.00000101,0.000453936
4/4/2014,1.03E-06,0.000464601
4/5/2014,1.02E-06,0.000468628
4/6/2014,1.01E-06,0.0004637
4/7/2014,1.02E-06,0.000456215
4/8/2014,1.00E-06,0.000452922
4/9/2014,1.01E-06,0.000446302
4/10/2014,9.33E-07,0.000342293
4/11/2014,1.06E-06,0.000448208
4/12/2014,9.87E-07,0.000418704
4/13/2014,9.30E-07,0.000387217
4/14/2014,9.59E-07,0.000442203
4/15/2014,1.09E-06,0.000570523
4/16/2014,1.30E-06,0.0006916
4/17/2014,1.28E-06,0.000638872
4/18/2014,1.21E-06,0.000586627
4/19/2014,1.24E-06,0.000625488
4/20/2014,1.23E-06,0.000619266
4/21/2014,1.22E-06,0.000607663
4/22/2014,1.19E-06,0.000584115
4/23/2014,1.18E-06,0.000577497
4/24/2014,1.17E-06,0.000588354
4/25/2014,1.10E-06,0.000512141
4/26/2014,1.04E-06,0.000477325
4/27/2014,1.03E-06,0.000452005
4/28/2014,1.10E-06,0.000487148
4/29/2014,1.12E-06,0.000501891
4/30/2014,1.11E-06,0.000500042
5/1/2014,1.10E-06,0.000504395
5/2/2014,1.09E-06,0.000494114
5/3/2014,1.13E-06,0.000494114
5/4/2014,1.06E-06,0.000463955
5/5/2014,1.04E-06,0.000449682
5/6/2014,1.06E-06,0.000455264
5/7/2014,1.06E-06,0.000469412
5/8/2014,1.06E-06,0.00046692
5/9/2014,1.08E-06,0.000488783
5/10/2014,1.05E-06,0.000478726
5/11/2014,1.03E-06,0.00045253
5/12/2014,1.02E-06,0.000450155
5/13/2014,1.01E-06,0.000443396
5/14/2014,1.02E-06,0.000455802
5/15/2014,1.01E-06,0.000449355
5/16/2014,9.92E-07,0.000445057
5/17/2014,1.01E-06,0.0004522
5/18/2014,1.01E-06,0.000451432
5/19/2014,9.80E-07,0.000438457
5/20/2014,9.69E-07,0.000475161
5/21/2014,9.31E-07,0.000459605
5/22/2014,7.97E-07,0.000419808
5/23/2014,7.69E-07,0.000402485
5/24/2014,8.11E-07,0.000428213
5/25/2014,7.30E-07,0.000418518
5/26/2014,6.22E-07,0.000364048
5/27/2014,6.80E-07,0.000390398
5/28/2014,6.95E-07,0.00040241
5/29/2014,6.78E-07,0.00038667
5/30/2014,5.92E-07,0.000367802
5/31/2014,5.33E-07,0.000334454
6/1/2014,6.41E-07,0.000404014
6/2/2014,5.96E-07,0.000395744
6/3/2014,5.79E-07,0.000389225
6/4/2014,5.54E-07,0.000356519
6/5/2014,5.27E-07,0.000348868
6/6/2014,5.52E-07,0.000358829
6/7/2014,5.50E-07,0.000361385
6/8/2014,5.50E-07,0.000362036
6/9/2014,5.48E-07,0.000355529
6/10/2014,5.99E-07,0.000389918
6/11/2014,6.74E-07,0.000425646
6/12/2014,6.20E-07,0.000367071
6/13/2014,6.30E-07,0.000376138
6/14/2014,6.50E-07,0.000374114
6/15/2014,6.20E-07,0.000365629
6/16/2014,6.09E-07,0.000359901
6/17/2014,5.95E-07,0.000362555
6/18/2014,5.78E-07,0.000350969
6/19/2014,5.84E-07,0.000347959
6/20/2014,5.80E-07,0.000343088
6/21/2014,5.90E-07,0.000349731
6/22/2014,5.50E-07,0.000329799
6/23/2014,5.40E-07,0.000318451
6/24/2014,5.21E-07,0.000302245
6/25/2014,4.70E-07,0.000264251
6/26/2014,5.00E-07,0.000290145
6/27/2014,4.90E-07,0.000294583
6/28/2014,4.60E-07,0.00027342
6/29/2014,4.30E-07,0.000258361
6/30/2014,4.25E-07,0.000271853
7/1/2014,3.96E-07,0.000254545
7/2/2014,3.50E-07,0.000227954
7/3/2014,3.50E-07,0.000226245
7/4/2014,3.80E-07,0.000239449
7/5/2014,3.52E-07,0.000222159
7/6/2014,3.79E-07,0.000240515
7/7/2014,3.60E-07,0.000224228
7/8/2014,4.28E-07,0.000267636
7/9/2014,4.42E-07,0.000274968
7/10/2014,4.30E-07,0.000265105
7/11/2014,4.21E-07,0.000267326
7/12/2014,4.29E-07,0.000273164
7/13/2014,4.29E-07,0.00027028
7/14/2014,4.05E-07,0.00025076
7/15/2014,4.10E-07,0.000254993
7/16/2014,3.84E-07,0.000236782
7/17/2014,4.21E-07,0.000262506
7/18/2014,3.90E-07,0.000245993
7/19/2014,4.24E-07,0.000266606
7/20/2014,3.90E-07,0.000243847
7/21/2014,3.87E-07,0.000240316
7/22/2014,3.50E-07,0.000216938
7/23/2014,3.60E-07,0.000223118
7/24/2014,3.58E-07,0.000215924
7/25/2014,3.50E-07,0.000210552
7/26/2014,3.67E-07,0.000218256
7/27/2014,3.60E-07,0.000212967
7/28/2014,3.48E-07,0.000204618
7/29/2014,3.50E-07,0.000204642
7/30/2014,3.41E-07,0.00019214
7/31/2014,3.50E-07,0.000203691
8/1/2014,3.50E-07,0.000208787
8/2/2014,3.50E-07,0.000206415
8/3/2014,3.42E-07,0.000200638
8/4/2014,3.47E-07,0.00020413
8/5/2014,3.20E-07,0.000186172
8/6/2014,3.09E-07,0.000180028
8/7/2014,2.97E-07,0.00017406
8/8/2014,2.82E-07,0.000165942
8/9/2014,2.70E-07,0.000159247
8/10/2014,2.79E-07,0.000164494
8/11/2014,2.52E-07,0.000144778
8/12/2014,2.95E-07,0.000167576
8/13/2014,2.80E-07,0.000153353
8/14/2014,2.82E-07,0.000142212
8/15/2014,2.53E-07,0.000126557
8/16/2014,2.50E-07,0.000130437
8/17/2014,2.50E-07,0.000124441
8/18/2014,2.30E-07,0.00010786
8/19/2014,2.38E-07,0.000115627
8/20/2014,2.60E-07,0.000133931
8/21/2014,2.60E-07,0.00013502
8/22/2014,2.00E-07,0.000103256
8/23/2014,2.40E-07,0.00011931
8/24/2014,2.60E-07,0.000132192
8/25/2014,2.30E-07,0.000115196
8/26/2014,2.95E-07,0.000150816
8/27/2014,2.74E-07,0.000139563
8/28/2014,2.64E-07,0.000133738
8/29/2014,2.54E-07,0.000129421
8/30/2014,2.62E-07,0.000131269
8/31/2014,2.75E-07,0.000131405
9/1/2014,2.78E-07,0.000132062
9/2/2014,2.74E-07,0.000130034
9/3/2014,2.85E-07,0.000135014
9/4/2014,3.30E-07,0.00016158
9/5/2014,3.42E-07,0.000163694
9/6/2014,4.27E-07,0.00020523
9/7/2014,3.92E-07,0.000187438
9/8/2014,3.67E-07,0.000172122
9/9/2014,4.04E-07,0.000191237
9/10/2014,3.95E-07,0.00018881
9/11/2014,4.37E-07,0.000208765
9/12/2014,4.41E-07,0.000209043
9/13/2014,5.55E-07,0.000265214
9/14/2014,7.11E-07,0.000338359
9/15/2014,6.93E-07,0.000327582
9/16/2014,6.25E-07,0.000290027
9/17/2014,6.02E-07,0.000274584
9/18/2014,6.99E-07,0.000298237
9/19/2014,6.97E-07,0.000274522
9/20/2014,7.14E-07,0.00029361
9/21/2014,7.12E-07,0.000285174
9/22/2014,7.46E-07,0.000298934
9/23/2014,7.24E-07,0.000317517
9/24/2014,8.39E-07,0.000355474
9/25/2014,9.29E-07,0.000380435
9/26/2014,1.12E-06,0.000453698
9/27/2014,9.39E-07,0.000376354
9/28/2014,1.03E-06,0.000385446
9/29/2014,1.05E-06,0.000390737
9/30/2014,1.03E-06,0.000401523
10/1/2014,9.74E-07,0.00037314
10/2/2014,8.93E-07,0.000332515
10/3/2014,8.84E-07,0.000316278
10/4/2014,8.90E-07,0.00029257
10/5/2014,8.76E-07,0.000282911
10/6/2014,8.73E-07,0.000285409
10/7/2014,8.81E-07,0.000293737
10/8/2014,8.41E-07,0.000297903
10/9/2014,7.75E-07,0.00028028
10/10/2014,7.41E-07,0.000266082
10/11/2014,7.64E-07,0.000276566
10/12/2014,7.68E-07,0.000290305
10/13/2014,7.26E-07,0.000284595
10/14/2014,7.00E-07,0.00028056
10/15/2014,6.77E-07,0.0002671
10/16/2014,6.63E-07,0.000253392
10/17/2014,6.52E-07,0.000249234
10/18/2014,6.50E-07,0.000254341
10/19/2014,6.05E-07,0.000235056
10/20/2014,5.97E-07,0.000227527
10/21/2014,5.81E-07,0.000223971
10/22/2014,6.55E-07,0.000249593
10/23/2014,6.73E-07,0.000240624
10/24/2014,6.92E-07,0.000247276
10/25/2014,6.99E-07,0.000241799
10/26/2014,6.97E-07,0.000246234
10/27/2014,7.03E-07,0.000246173
10/28/2014,7.03E-07,0.000249342
10/29/2014,6.99E-07,0.000233093
10/30/2014,6.86E-07,0.000236281
10/31/2014,6.93E-07,0.000233687
11/1/2014,6.94E-07,0.000224994
11/2/2014,6.43E-07,0.000208364
11/3/2014,6.33E-07,0.000205839
11/4/2014,6.27E-07,0.000206734
11/5/2014,6.09E-07,0.000206259
11/6/2014,6.37E-07,0.000222686
11/7/2014,5.92E-07,0.000202402
11/8/2014,6.15E-07,0.000212724
11/9/2014,5.91E-07,0.000214769
11/10/2014,5.97E-07,0.000218271
11/11/2014,5.99E-07,0.000220246
11/12/2014,5.66E-07,0.000239336
11/13/2014,6.08E-07,0.000256632
11/14/2014,5.92E-07,0.000235933
11/15/2014,6.00E-07,0.000226968
11/16/2014,5.81E-07,0.000226844
11/17/2014,5.61E-07,0.000217281
11/18/2014,5.58E-07,0.000208732
11/19/2014,5.57E-07,0.000210172
11/20/2014,5.85E-07,0.00020828
11/21/2014,5.76E-07,0.000202174
11/22/2014,6.01E-07,0.000211989
11/23/2014,6.95E-07,0.000255426
11/24/2014,6.56E-07,0.000247387
11/25/2014,6.40E-07,0.000241279
11/26/2014,6.16E-07,0.000226551
11/27/2014,6.63E-07,0.000245115
11/28/2014,6.55E-07,0.000247465
11/29/2014,6.42E-07,0.000241596
11/30/2014,6.33E-07,0.000239864
12/1/2014,6.30E-07,0.000238945
12/2/2014,6.22E-07,0.000238049
12/3/2014,6.30E-07,0.000236713
12/4/2014,6.19E-07,0.000228302
12/5/2014,6.20E-07,0.000234785
12/6/2014,6.02E-07,0.000225863
12/7/2014,6.09E-07,0.000229255
12/8/2014,6.05E-07,0.00021983
12/9/2014,6.00E-07,0.000210605
12/10/2014,5.93E-07,0.000206197
12/11/2014,5.87E-07,0.000204655
12/12/2014,5.79E-07,0.000204579
12/13/2014,5.68E-07,0.000198275
12/14/2014,5.43E-07,0.00019335
12/15/2014,5.40E-07,0.000187547
12/16/2014,5.19E-07,0.000170541
12/17/2014,5.54E-07,0.000177482
12/18/2014,5.59E-07,0.000175126
12/19/2014,6.04E-07,0.000192092
12/20/2014,6.24E-07,0.000206016
12/21/2014,5.93E-07,0.000190314
12/22/2014,5.81E-07,0.00019267
12/23/2014,5.79E-07,0.000194593
12/24/2014,5.79E-07,0.000187003
12/25/2014,5.76E-07,0.000183715
12/26/2014,5.85E-07,0.000192646
12/27/2014,5.76E-07,0.000181962
12/28/2014,5.79E-07,0.000183452
12/29/2014,5.69E-07,0.00017826
12/30/2014,5.71E-07,0.000177376
12/31/2014,5.83E-07,0.000187021
1/1/2015,5.76E-07,0.000181322
1/2/2015,5.81E-07,0.00018363
1/3/2015,5.82E-07,0.00016631
1/4/2015,5.96E-07,0.000156921
1/5/2015,5.84E-07,0.000160609
1/6/2015,5.93E-07,0.000170502
1/7/2015,5.89E-07,0.000175286
1/8/2015,5.90E-07,0.000167659
1/9/2015,5.88E-07,0.000172117
1/10/2015,5.59E-07,0.000154454
1/11/2015,5.98E-07,0.00016061
1/12/2015,5.85E-07,0.000157048
1/13/2015,5.97E-07,0.000133692
1/14/2015,6.49E-07,0.000113996
1/15/2015,6.74E-07,0.000143087
1/16/2015,6.77E-07,0.000140555
1/17/2015,6.81E-07,0.000135983
1/18/2015,6.52E-07,0.000137586
1/19/2015,6.51E-07,0.00014121
1/20/2015,6.74E-07,0.000142862
1/21/2015,6.88E-07,0.000156814
1/22/2015,6.64E-07,0.000155139
1/23/2015,6.67E-07,0.000155512
1/24/2015,6.70E-07,0.000166885
1/25/2015,6.58E-07,0.000167378
1/26/2015,6.01E-07,0.000164737
1/27/2015,5.96E-07,0.000157871
1/28/2015,6.03E-07,0.000142264
1/29/2015,6.09E-07,0.000142569
1/30/2015,6.14E-07,0.000140489
1/31/2015,6.24E-07,0.000135669
2/1/2015,6.32E-07,0.000143438
2/2/2015,6.24E-07,0.000149791
2/3/2015,6.28E-07,0.000143106
2/4/2015,6.36E-07,0.000144271
2/5/2015,6.42E-07,0.000139306
2/6/2015,6.40E-07,0.000142548
2/7/2015,6.32E-07,0.000144551
2/8/2015,6.33E-07,0.00014187
2/9/2015,6.33E-07,0.000139754
2/10/2015,6.37E-07,0.000140636
2/11/2015,6.37E-07,0.000139842
2/12/2015,6.30E-07,0.000140208
2/13/2015,6.09E-07,0.000143989
2/14/2015,5.98E-07,0.000153937
2/15/2015,6.04E-07,0.000141697
2/16/2015,6.03E-07,0.000141842
2/17/2015,6.06E-07,0.000147734
2/18/2015,6.07E-07,0.000143265
2/19/2015,5.97E-07,0.000144287
2/20/2015,5.90E-07,0.000144832
2/21/2015,5.92E-07,0.000145293
2/22/2015,5.98E-07,0.000141598
2/23/2015,5.95E-07,0.000142364
2/24/2015,5.93E-07,0.000142207
2/25/2015,5.99E-07,0.000142773
2/26/2015,5.98E-07,0.000141826
2/27/2015,5.73E-07,0.000146233
2/28/2015,5.74E-07,0.000146305
3/1/2015,5.68E-07,0.000148073
3/2/2015,5.47E-07,0.000151242
3/3/2015,5.08E-07,0.000143658
3/4/2015,5.21E-07,0.000142506
3/5/2015,5.09E-07,0.000140651
3/6/2015,5.16E-07,0.000141065
3/7/2015,5.08E-07,0.000140531
3/8/2015,5.08E-07,0.000139775
3/9/2015,4.98E-07,0.000144436
3/10/2015,4.81E-07,0.000140746
3/11/2015,4.86E-07,0.000144325
3/12/2015,4.88E-07,0.000144319
3/13/2015,4.88E-07,0.000139449
3/14/2015,5.03E-07,0.0001427
3/15/2015,4.97E-07,0.000142719
3/16/2015,4.93E-07,0.00014373
3/17/2015,4.85E-07,0.000138282
3/18/2015,4.93E-07,0.000126957
3/19/2015,5.07E-07,0.000132856
3/20/2015,5.09E-07,0.000133932
3/21/2015,5.00E-07,0.000130659
3/22/2015,4.97E-07,0.000133671
3/23/2015,5.02E-07,0.000133819
3/24/2015,5.18E-07,0.000127904
3/25/2015,5.00E-07,0.000123349
3/26/2015,5.20E-07,0.000129724
3/27/2015,5.17E-07,0.000127895
3/28/2015,5.06E-07,0.000128184
3/29/2015,5.17E-07,0.000125732
3/30/2015,5.15E-07,0.000127968
3/31/2015,5.09E-07,0.000124678
4/1/2015,5.11E-07,0.000126256
4/2/2015,5.11E-07,0.000129673
4/3/2015,4.99E-07,0.000127108
4/4/2015,5.07E-07,0.000128696
4/5/2015,4.88E-07,0.00012732
4/6/2015,4.81E-07,0.000123321
4/7/2015,4.79E-07,0.000122169
4/8/2015,4.74E-07,0.00011662
4/9/2015,4.76E-07,0.000115961
4/10/2015,4.80E-07,0.000113253
4/11/2015,4.89E-07,0.00011609
4/12/2015,4.79E-07,0.0001137
4/13/2015,4.78E-07,0.000107714
4/14/2015,4.72E-07,0.000103623
4/15/2015,4.68E-07,0.000104608
4/16/2015,4.68E-07,0.000106936
4/17/2015,4.67E-07,0.000104067
4/18/2015,4.70E-07,0.000104997
4/19/2015,4.77E-07,0.000106527
4/20/2015,4.71E-07,0.000105959
4/21/2015,4.70E-07,0.000110354
4/22/2015,4.67E-07,0.00010915
4/23/2015,4.72E-07,0.000111367
4/24/2015,4.52E-07,0.000104643
4/25/2015,4.40E-07,9.97E-05
4/26/2015,4.43E-07,9.76E-05
4/27/2015,4.61E-07,0.000104831
4/28/2015,4.46E-07,0.00010061
4/29/2015,4.38E-07,9.89E-05
4/30/2015,4.37E-07,0.000103255
5/1/2015,4.17E-07,9.70E-05
5/2/2015,4.19E-07,9.86E-05
5/3/2015,3.81E-07,9.17E-05
5/4/2015,3.51E-07,8.39E-05
5/5/2015,3.79E-07,8.94E-05
5/6/2015,3.80E-07,8.73E-05
5/7/2015,3.41E-07,8.09E-05
5/8/2015,3.62E-07,8.84E-05
5/9/2015,3.78E-07,9.19E-05
5/10/2015,3.77E-07,9.06E-05
5/11/2015,3.77E-07,9.14E-05
5/12/2015,4.58E-07,0.000110896
5/13/2015,4.60E-07,0.000108895
5/14/2015,4.82E-07,0.000114226
5/15/2015,4.92E-07,0.000116928
5/16/2015,5.01E-07,0.00011805
5/17/2015,4.85E-07,0.000114828
5/18/2015,4.88E-07,0.000113587
5/19/2015,5.05E-07,0.00011708
5/20/2015,5.76E-07,0.000134892
5/21/2015,5.54E-07,0.00013048
5/22/2015,5.29E-07,0.000127096
5/23/2015,5.66E-07,0.000135365
5/24/2015,5.73E-07,0.000137849
5/25/2015,5.88E-07,0.000139396
5/26/2015,6.49E-07,0.000153739
5/27/2015,7.67E-07,0.000182018
5/28/2015,7.71E-07,0.000182663
5/29/2015,7.23E-07,0.000171202
5/30/2015,6.91E-07,0.000160811
5/31/2015,6.63E-07,0.000152098
6/1/2015,6.56E-07,0.000146474
6/2/2015,7.15E-07,0.000161062
6/3/2015,6.73E-07,0.000151655
6/4/2015,6.63E-07,0.000148096
6/5/2015,6.76E-07,0.000151889
6/6/2015,6.89E-07,0.00015507
6/7/2015,6.95E-07,0.000155192
6/8/2015,6.85E-07,0.000156609
6/9/2015,6.95E-07,0.000159314
6/10/2015,6.70E-07,0.000153053
6/11/2015,6.77E-07,0.000155416
6/12/2015,6.85E-07,0.00015737
6/13/2015,6.98E-07,0.00016261
6/14/2015,7.04E-07,0.000163677
6/15/2015,6.98E-07,0.000165174
6/16/2015,7.42E-07,0.000186595
6/17/2015,7.94E-07,0.000196835
6/18/2015,7.98E-07,0.000198663
6/19/2015,8.13E-07,0.000198934
6/20/2015,8.24E-07,0.000202375
6/21/2015,8.21E-07,0.000200544
6/22/2015,8.01E-07,0.000197814
6/23/2015,7.67E-07,0.0001874
6/24/2015,7.57E-07,0.000182117
6/25/2015,7.53E-07,0.000182452
6/26/2015,7.54E-07,0.000183236
6/27/2015,7.78E-07,0.000195595
6/28/2015,7.54E-07,0.000187835
6/29/2015,7.72E-07,0.000198199
6/30/2015,7.53E-07,0.000198765
7/1/2015,7.29E-07,0.000188232
7/2/2015,7.42E-07,0.000188929
7/3/2015,7.43E-07,0.000190213
7/4/2015,7.42E-07,0.000193398
7/5/2015,7.27E-07,0.000197327
7/6/2015,6.94E-07,0.000186741
7/7/2015,6.94E-07,0.0001849
7/8/2015,6.92E-07,0.00018728
7/9/2015,7.15E-07,0.000192741
7/10/2015,7.09E-07,0.000202421
7/11/2015,6.78E-07,0.000199167
7/12/2015,6.80E-07,0.000211893
7/13/2015,6.58E-07,0.000192577
7/14/2015,6.63E-07,0.000190769
7/15/2015,6.60E-07,0.00018869
7/16/2015,6.21E-07,0.00017293
7/17/2015,6.35E-07,0.000177774
7/18/2015,6.55E-07,0.000181674
7/19/2015,6.31E-07,0.000173675
7/20/2015,6.29E-07,0.000175426
7/21/2015,6.28E-07,0.00017379
7/22/2015,6.73E-07,0.000186883
7/23/2015,6.44E-07,0.000178379
7/24/2015,6.53E-07,0.000188937
7/25/2015,6.53E-07,0.000189006
7/26/2015,6.46E-07,0.000189617
7/27/2015,6.36E-07,0.000187226
7/28/2015,6.44E-07,0.000190209
7/29/2015,6.40E-07,0.000185642
7/30/2015,6.49E-07,0.000187054
7/31/2015,6.52E-07,0.000185446
8/1/2015,6.29E-07,0.000177113
8/2/2015,6.19E-07,0.000174806
8/3/2015,6.29E-07,0.000177625
8/4/2015,6.14E-07,0.000175063
8/5/2015,6.16E-07,0.000173993
8/6/2015,6.15E-07,0.000171695
8/7/2015,6.13E-07,0.000171394
8/8/2015,6.03E-07,0.000157681
8/9/2015,6.21E-07,0.000165315
8/10/2015,6.13E-07,0.000162522
8/11/2015,6.09E-07,0.000165396
8/12/2015,6.02E-07,0.000161331
8/13/2015,5.95E-07,0.000157381
8/14/2015,5.95E-07,0.000158413
8/15/2015,5.83E-07,0.000152638
8/16/2015,5.74E-07,0.000148747
8/17/2015,5.83E-07,0.000150321
8/18/2015,5.70E-07,0.000124227
8/19/2015,5.71E-07,0.000129847
8/20/2015,5.82E-07,0.000137043
8/21/2015,6.15E-07,0.000143229
8/22/2015,6.31E-07,0.000145494
8/23/2015,6.15E-07,0.000140683
8/24/2015,6.13E-07,0.000129848
8/25/2015,5.86E-07,0.000130393
8/26/2015,5.93E-07,0.00013409
8/27/2015,5.81E-07,0.000130741
8/28/2015,5.71E-07,0.000132474
8/29/2015,5.67E-07,0.000130248
8/30/2015,5.66E-07,0.000129566
8/31/2015,5.52E-07,0.000127312
9/1/2015,5.59E-07,0.000127451
9/2/2015,5.50E-07,0.000126216
9/3/2015,5.34E-07,0.000121313
9/4/2015,5.38E-07,0.000124341
9/5/2015,5.52E-07,0.000130247
9/6/2015,5.43E-07,0.000130699
9/7/2015,5.40E-07,0.000129911
9/8/2015,5.36E-07,0.000130922
9/9/2015,5.39E-07,0.000128791
9/10/2015,5.32E-07,0.000127089
9/11/2015,5.33E-07,0.000128258
9/12/2015,5.36E-07,0.000126741
9/13/2015,5.31E-07,0.000122525
9/14/2015,5.31E-07,0.00012261
9/15/2015,5.40E-07,0.000124353
9/16/2015,5.32E-07,0.000121804
9/17/2015,5.37E-07,0.000125163
9/18/2015,5.37E-07,0.000125194
9/19/2015,5.40E-07,0.00012545
9/20/2015,5.49E-07,0.000127126
9/21/2015,5.62E-07,0.000127509
9/22/2015,5.45E-07,0.000125583
9/23/2015,5.27E-07,0.000121332
9/24/2015,5.27E-07,0.000123411
9/25/2015,5.21E-07,0.000122629
9/26/2015,5.17E-07,0.000121261
9/27/2015,5.12E-07,0.000119514
9/28/2015,5.18E-07,0.000124349
9/29/2015,5.10E-07,0.00012106
9/30/2015,5.12E-07,0.000121262
10/1/2015,5.15E-07,0.000122649
10/2/2015,5.09E-07,0.000121183
10/3/2015,5.11E-07,0.000122519
10/4/2015,5.07E-07,0.000121464
10/5/2015,4.88E-07,0.000117583
10/6/2015,4.84E-07,0.000119588
10/7/2015,4.83E-07,0.000117658
10/8/2015,4.81E-07,0.000116809
10/9/2015,4.85E-07,0.000118598
10/10/2015,4.80E-07,0.000118134
10/11/2015,4.90E-07,0.000121662
10/12/2015,4.81E-07,0.000118377
10/13/2015,4.75E-07,0.000118962
10/14/2015,4.73E-07,0.000119697
10/15/2015,4.65E-07,0.000118528
10/16/2015,4.54E-07,0.000119251
10/17/2015,4.44E-07,0.000120663
10/18/2015,4.45E-07,0.000117329
10/19/2015,4.40E-07,0.000116234
10/20/2015,4.30E-07,0.000116472
10/21/2015,4.32E-07,0.000115753
10/22/2015,4.32E-07,0.000119062
10/23/2015,4.10E-07,0.000114106
10/24/2015,4.03E-07,0.000114231
10/25/2015,3.94E-07,0.000112823
10/26/2015,4.00E-07,0.000114719
10/27/2015,3.93E-07,0.000116058
10/28/2015,3.99E-07,0.000121363
10/29/2015,4.18E-07,0.000131766
10/30/2015,4.28E-07,0.000140665
10/31/2015,4.26E-07,0.000133942
11/1/2015,4.10E-07,0.000135274
11/2/2015,3.90E-07,0.000142141
11/3/2015,3.63E-07,0.000145657
11/4/2015,3.35E-07,0.000135966
11/5/2015,3.64E-07,0.000139972
11/6/2015,3.69E-07,0.000137461
11/7/2015,3.37E-07,0.000130409
11/8/2015,3.56E-07,0.000132518
11/9/2015,3.49E-07,0.00013276
11/10/2015,3.51E-07,0.000118537
11/11/2015,3.96E-07,0.000122455
11/12/2015,3.76E-07,0.000127064
11/13/2015,3.82E-07,0.000128961
11/14/2015,3.81E-07,0.000126853
11/15/2015,3.89E-07,0.000124366
11/16/2015,3.92E-07,0.000129715
11/17/2015,3.96E-07,0.000132979
11/18/2015,3.97E-07,0.000133145
11/19/2015,3.98E-07,0.00012999
11/20/2015,4.00E-07,0.000128677
11/21/2015,3.95E-07,0.000128804
11/22/2015,3.95E-07,0.000128016
11/23/2015,3.97E-07,0.000128216
11/24/2015,3.92E-07,0.000125476
11/25/2015,3.91E-07,0.000128689
11/26/2015,3.75E-07,0.000133481
11/27/2015,3.53E-07,0.000126994
11/28/2015,3.64E-07,0.000129939
11/29/2015,3.54E-07,0.000131625
11/30/2015,3.37E-07,0.000127006
12/1/2015,3.35E-07,0.000121534
12/2/2015,3.45E-07,0.000123794
12/3/2015,3.47E-07,0.000125477
12/4/2015,3.42E-07,0.000124061
12/5/2015,3.24E-07,0.000126052
12/6/2015,3.14E-07,0.00012352
12/7/2015,3.15E-07,0.000124685
12/8/2015,3.12E-07,0.000129294
12/9/2015,3.22E-07,0.000134497
12/10/2015,3.22E-07,0.000133937
12/11/2015,3.12E-07,0.000141625
12/12/2015,3.03E-07,0.00013224
12/13/2015,3.01E-07,0.000130877
12/14/2015,3.04E-07,0.000134542
12/15/2015,2.94E-07,0.000136671
12/16/2015,2.96E-07,0.000134414
12/17/2015,3.03E-07,0.000138191
12/18/2015,3.04E-07,0.00014069
12/19/2015,3.02E-07,0.000139159
12/20/2015,2.96E-07,0.000130854
12/21/2015,3.01E-07,0.000131936
12/22/2015,2.98E-07,0.000129742
12/23/2015,3.07E-07,0.000135734
12/24/2015,3.06E-07,0.00013936
12/25/2015,3.04E-07,0.000138689
12/26/2015,3.27E-07,0.000136856
12/27/2015,3.33E-07,0.000140613
12/28/2015,3.15E-07,0.000132662
12/29/2015,3.16E-07,0.000136296
12/30/2015,3.16E-07,0.000134652
12/31/2015,3.17E-07,0.000135995
1/1/2016,3.15E-07,0.000137062
1/2/2016,3.15E-07,0.0001368
1/3/2016,3.16E-07,0.000135979
1/4/2016,3.12E-07,0.000135076
1/5/2016,3.18E-07,0.000137504
1/6/2016,3.16E-07,0.000135891
1/7/2016,3.05E-07,0.000140259
1/8/2016,3.41E-07,0.000154766
1/9/2016,4.01E-07,0.000180609
1/10/2016,3.76E-07,0.000168506
1/11/2016,3.86E-07,0.000173409
1/12/2016,4.05E-07,0.000178697
1/13/2016,4.16E-07,0.000179802
1/14/2016,4.01E-07,0.000172347
1/15/2016,3.99E-07,0.000146795
1/16/2016,4.05E-07,0.000157281
1/17/2016,3.94E-07,0.000150773
1/18/2016,3.86E-07,0.000148438
1/19/2016,3.85E-07,0.000145535
1/20/2016,3.96E-07,0.000166592
1/21/2016,4.02E-07,0.00016455
1/22/2016,4.35E-07,0.000165568
1/23/2016,4.44E-07,0.000171526
1/24/2016,4.68E-07,0.000188995
1/25/2016,5.34E-07,0.000209446
1/26/2016,8.55E-07,0.000334469
1/27/2016,1.13E-06,0.000447888
1/28/2016,8.97E-07,0.000339771
1/29/2016,8.31E-07,0.000315111
1/30/2016,6.68E-07,0.000252181
1/31/2016,7.20E-07,0.000263808
2/1/2016,6.99E-07,0.000259634
2/2/2016,6.92E-07,0.000258248
2/3/2016,7.15E-07,0.000263094
2/4/2016,7.30E-07,0.000284684
2/5/2016,7.70E-07,0.000296072
2/6/2016,8.05E-07,0.000301642
2/7/2016,7.37E-07,0.000276407
2/8/2016,7.56E-07,0.000280341
2/9/2016,7.63E-07,0.000284906
2/10/2016,7.66E-07,0.000290201
2/11/2016,7.43E-07,0.000280751
2/12/2016,7.65E-07,0.000292332
2/13/2016,7.30E-07,0.000284318
2/14/2016,7.21E-07,0.0002928
2/15/2016,7.20E-07,0.000287567
2/16/2016,7.01E-07,0.00028537
2/17/2016,6.55E-07,0.000272222
2/18/2016,6.42E-07,0.000270644
2/19/2016,6.90E-07,0.000289351
2/20/2016,6.56E-07,0.00028882
2/21/2016,6.47E-07,0.000283645
2/22/2016,6.42E-07,0.000280901
2/23/2016,6.58E-07,0.000276381
2/24/2016,6.47E-07,0.000274245
2/25/2016,6.29E-07,0.000266858
2/26/2016,6.07E-07,0.000262189
2/27/2016,5.77E-07,0.000250025
2/28/2016,5.78E-07,0.00025031
2/29/2016,5.65E-07,0.000247488
3/1/2016,5.67E-07,0.00024557
3/2/2016,5.63E-07,0.000238154
3/3/2016,5.81E-07,0.000243461
3/4/2016,5.71E-07,0.000233068
3/5/2016,5.47E-07,0.000217443
3/6/2016,5.37E-07,0.000216664
3/7/2016,5.56E-07,0.000229814
3/8/2016,5.30E-07,0.000217956
3/9/2016,5.42E-07,0.000223543
3/10/2016,5.79E-07,0.000241178
3/11/2016,5.76E-07,0.000241791
3/12/2016,5.78E-07,0.000236945
3/13/2016,5.82E-07,0.000239781
3/14/2016,5.65E-07,0.000234404
3/15/2016,5.58E-07,0.000231574
3/16/2016,5.51E-07,0.000229576
3/17/2016,5.28E-07,0.000221159
3/18/2016,5.17E-07,0.000211457
3/19/2016,5.33E-07,0.000217884
3/20/2016,5.13E-07,0.000211368
3/21/2016,5.13E-07,0.000211058
3/22/2016,5.17E-07,0.000215354
3/23/2016,5.11E-07,0.000213084
3/24/2016,5.08E-07,0.000210138
3/25/2016,5.20E-07,0.000216467
3/26/2016,5.07E-07,0.000211281
3/27/2016,5.07E-07,0.000215804
3/28/2016,5.06E-07,0.000214008
3/29/2016,6.19E-07,0.000257262
3/30/2016,5.58E-07,0.000230444
3/31/2016,5.55E-07,0.000230956
4/1/2016,5.35E-07,0.000223191
4/2/2016,5.37E-07,0.000225544
4/3/2016,5.23E-07,0.000219596
4/4/2016,5.22E-07,0.000219007
4/5/2016,5.10E-07,0.000215341
4/6/2016,5.11E-07,0.000215772
4/7/2016,5.01E-07,0.000211088
4/8/2016,5.02E-07,0.000210337
4/9/2016,4.92E-07,0.000206219
4/10/2016,4.87E-07,0.000205543
4/11/2016,5.03E-07,0.000213009
4/12/2016,5.45E-07,0.000232877
4/13/2016,5.43E-07,0.000230503
4/14/2016,5.48E-07,0.000233467
4/15/2016,5.47E-07,0.000235737
4/16/2016,5.38E-07,0.000232389
4/17/2016,5.29E-07,0.000227121
4/18/2016,5.19E-07,0.000223137
4/19/2016,5.12E-07,0.0002242
4/20/2016,5.14E-07,0.000227711
4/21/2016,5.08E-07,0.000229831
4/22/2016,5.07E-07,0.000227346
4/23/2016,5.07E-07,0.000230218
4/24/2016,4.93E-07,0.000228354
4/25/2016,4.87E-07,0.000226572
4/26/2016,5.01E-07,0.000235456
4/27/2016,5.03E-07,0.000224141
4/28/2016,5.07E-07,0.000228668
4/29/2016,5.05E-07,0.000230961
4/30/2016,5.03E-07,0.000226196
5/1/2016,5.05E-07,0.000229727
5/2/2016,5.11E-07,0.00022754
5/3/2016,5.06E-07,0.000228603
5/4/2016,5.06E-07,0.000226955
5/5/2016,4.94E-07,0.000222041
5/6/2016,4.87E-07,0.00022494
5/7/2016,4.85E-07,0.000223553
5/8/2016,4.86E-07,0.000224364
5/9/2016,4.80E-07,0.000222291
5/10/2016,4.89E-07,0.000220587
5/11/2016,4.92E-07,0.000223395
5/12/2016,5.14E-07,0.000233996
5/13/2016,5.16E-07,0.000236037
5/14/2016,5.09E-07,0.000233222
5/15/2016,5.06E-07,0.000233154
5/16/2016,5.01E-07,0.000228043
5/17/2016,5.00E-07,0.000226825
5/18/2016,5.00E-07,0.000227335
5/19/2016,5.07E-07,0.000221866
5/20/2016,5.07E-07,0.000224505
5/21/2016,5.14E-07,0.000228261
5/22/2016,5.06E-07,0.000222859
5/23/2016,5.05E-07,0.000224239
5/24/2016,5.00E-07,0.000222751
5/25/2016,4.93E-07,0.000222075
5/26/2016,4.95E-07,0.000225052
5/27/2016,4.75E-07,0.000223888
5/28/2016,4.11E-07,0.000218229
5/29/2016,4.22E-07,0.000222575
5/30/2016,4.34E-07,0.000231738
5/31/2016,4.27E-07,0.000226713
6/1/2016,4.31E-07,0.000231923
6/2/2016,4.27E-07,0.000229799
6/3/2016,4.16E-07,0.000236962
6/4/2016,4.18E-07,0.000240258
6/5/2016,4.16E-07,0.000239076
6/6/2016,4.04E-07,0.000236552
6/7/2016,4.15E-07,0.000239797
6/8/2016,4.15E-07,0.000242249
6/9/2016,4.55E-07,0.00026279
6/10/2016,4.47E-07,0.00025896
6/11/2016,4.29E-07,0.0002599
6/12/2016,3.93E-07,0.000263796
6/13/2016,4.08E-07,0.000287074
6/14/2016,4.54E-07,0.0003111
6/15/2016,4.52E-07,0.000314419
6/16/2016,4.31E-07,0.000330958
6/17/2016,4.19E-07,0.00031449
6/18/2016,4.24E-07,0.00032151
6/19/2016,4.36E-07,0.00033408
6/20/2016,4.35E-07,0.000314031
6/21/2016,4.56E-07,0.000305359
6/22/2016,4.48E-07,0.000266272
6/23/2016,4.57E-07,0.000286992
6/24/2016,4.29E-07,0.000284601
6/25/2016,4.35E-07,0.000291102
6/26/2016,4.46E-07,0.000280936
6/27/2016,4.43E-07,0.000289114
6/28/2016,4.60E-07,0.000297472
6/29/2016,4.65E-07,0.00029707
6/30/2016,4.59E-07,0.000309522
7/1/2016,4.46E-07,0.000302081
7/2/2016,4.40E-07,0.000309359
7/3/2016,4.26E-07,0.000282246
7/4/2016,4.25E-07,0.000288692
7/5/2016,4.29E-07,0.000286922
7/6/2016,4.21E-07,0.000285022
7/7/2016,4.32E-07,0.000276412
7/8/2016,4.15E-07,0.000276178
7/9/2016,4.17E-07,0.00027185
7/10/2016,4.15E-07,0.000269696
7/11/2016,4.17E-07,0.000271041
7/12/2016,4.01E-07,0.000268916
7/13/2016,4.00E-07,0.000263243
7/14/2016,3.93E-07,0.000260015
7/15/2016,3.97E-07,0.00026451
7/16/2016,3.97E-07,0.000264319
7/17/2016,3.89E-07,0.000265188
7/18/2016,3.71E-07,0.000250541
7/19/2016,3.69E-07,0.000249183
7/20/2016,3.69E-07,0.000246348
7/21/2016,3.60E-07,0.000240034
7/22/2016,3.66E-07,0.000238279
7/23/2016,3.84E-07,0.000252207
7/24/2016,3.73E-07,0.000246837
7/25/2016,3.64E-07,0.000238673
7/26/2016,3.62E-07,0.000237118
7/27/2016,3.58E-07,0.000235101
7/28/2016,3.67E-07,0.000240744
7/29/2016,3.58E-07,0.000235432
7/30/2016,3.53E-07,0.000231643
7/31/2016,3.64E-07,0.000227441
8/1/2016,3.64E-07,0.00022074
8/2/2016,3.87E-07,0.000204144
8/3/2016,3.82E-07,0.000218138
8/4/2016,3.75E-07,0.000219014
8/5/2016,3.86E-07,0.000224262
8/6/2016,3.97E-07,0.000234686
8/7/2016,4.53E-07,0.000269606
8/8/2016,4.01E-07,0.000237374
8/9/2016,4.06E-07,0.000238541
8/10/2016,4.07E-07,0.000239918
8/11/2016,4.06E-07,0.000239217
8/12/2016,4.08E-07,0.000239749
8/13/2016,4.09E-07,0.000239664
8/14/2016,4.33E-07,0.000247295
8/15/2016,4.24E-07,0.000240073
8/16/2016,4.45E-07,0.000257465
8/17/2016,4.32E-07,0.000247919
8/18/2016,4.26E-07,0.000244447
8/19/2016,4.06E-07,0.000232866
8/20/2016,4.07E-07,0.000236596
8/21/2016,4.02E-07,0.000233531
8/22/2016,3.93E-07,0.000229751
8/23/2016,3.87E-07,0.000225527
8/24/2016,3.97E-07,0.00022988
8/25/2016,3.99E-07,0.00022966
8/26/2016,3.98E-07,0.000230201
8/27/2016,3.94E-07,0.000224873
8/28/2016,3.93E-07,0.000225777
8/29/2016,3.87E-07,0.000221966
8/30/2016,3.90E-07,0.000224418
8/31/2016,3.91E-07,0.000223675
9/1/2016,3.87E-07,0.000221369
9/2/2016,3.94E-07,0.000227026
9/3/2016,3.78E-07,0.000227104
9/4/2016,3.70E-07,0.000226095
9/5/2016,3.75E-07,0.000227665
9/6/2016,3.63E-07,0.000222621
9/7/2016,3.75E-07,0.000230744
9/8/2016,3.67E-07,0.00023164
9/9/2016,3.75E-07,0.000233905
9/10/2016,3.73E-07,0.000232737
9/11/2016,3.74E-07,0.000227201
9/12/2016,3.77E-07,0.000229132
9/13/2016,3.76E-07,0.000229082
9/14/2016,3.72E-07,0.000226874
9/15/2016,3.85E-07,0.000233613
9/16/2016,4.14E-07,0.000251439
9/17/2016,3.94E-07,0.000239018
9/18/2016,3.92E-07,0.000239684
9/19/2016,3.83E-07,0.000233325
9/20/2016,3.79E-07,0.000230352
9/21/2016,3.87E-07,0.00023073
9/22/2016,3.82E-07,0.000227421
9/23/2016,3.76E-07,0.000226333
9/24/2016,3.78E-07,0.000227583
9/25/2016,3.77E-07,0.000226367
9/26/2016,3.76E-07,0.000228382
9/27/2016,3.78E-07,0.000228862
9/28/2016,3.79E-07,0.000228981
9/29/2016,3.76E-07,0.000227268
9/30/2016,3.83E-07,0.000233041
10/1/2016,3.75E-07,0.000231052
10/2/2016,3.73E-07,0.000228043
10/3/2016,3.85E-07,0.000235917
10/4/2016,3.75E-07,0.000228709
10/5/2016,3.81E-07,0.000233232
10/6/2016,3.63E-07,0.000222138
10/7/2016,3.65E-07,0.000225268
10/8/2016,3.71E-07,0.000229681
10/9/2016,3.74E-07,0.000231054
10/10/2016,3.73E-07,0.000230434
10/11/2016,3.58E-07,0.00022994
10/12/2016,3.56E-07,0.000226764
10/13/2016,3.58E-07,0.000227358
10/14/2016,3.59E-07,0.000229302
10/15/2016,3.49E-07,0.00022263
10/16/2016,3.46E-07,0.000222645
10/17/2016,3.43E-07,0.0002195
10/18/2016,3.47E-07,0.000220593
10/19/2016,3.46E-07,0.000218081
10/20/2016,3.49E-07,0.000219226
10/21/2016,3.44E-07,0.000217037
10/22/2016,3.39E-07,0.000222055
10/23/2016,3.34E-07,0.000217946
10/24/2016,3.34E-07,0.00021684
10/25/2016,3.39E-07,0.000222445
10/26/2016,3.19E-07,0.000215373
10/27/2016,3.17E-07,0.000217351
10/28/2016,3.14E-07,0.000216451
10/29/2016,3.07E-07,0.000219952
10/30/2016,3.17E-07,0.000221403
10/31/2016,3.17E-07,0.000221811
11/1/2016,3.04E-07,0.000222019
11/2/2016,3.01E-07,0.000223115
11/3/2016,3.14E-07,0.000216601
11/4/2016,3.15E-07,0.000222104
11/5/2016,3.20E-07,0.000225888
11/6/2016,3.16E-07,0.000226038
11/7/2016,3.42E-07,0.000241179
11/8/2016,3.27E-07,0.000232674
11/9/2016,3.18E-07,0.000229565
11/10/2016,3.20E-07,0.000228122
11/11/2016,3.13E-07,0.00022412
11/12/2016,3.12E-07,0.000219626
11/13/2016,3.15E-07,0.000221678
11/14/2016,3.16E-07,0.000222697
11/15/2016,3.06E-07,0.00021792
11/16/2016,2.95E-07,0.000219261
11/17/2016,2.93E-07,0.000215431
11/18/2016,2.85E-07,0.000213927
11/19/2016,2.83E-07,0.000212956
11/20/2016,2.98E-07,0.000217411
11/21/2016,2.98E-07,0.000219137
11/22/2016,2.98E-07,0.000222845
11/23/2016,2.86E-07,0.000212313
11/24/2016,2.98E-07,0.000219899
11/25/2016,2.98E-07,0.000220696
11/26/2016,2.99E-07,0.000219418
11/27/2016,2.95E-07,0.000215015
11/28/2016,2.94E-07,0.000214585
11/29/2016,2.88E-07,0.000210792
11/30/2016,2.85E-07,0.000211419
12/1/2016,2.85E-07,0.000214709
12/2/2016,2.78E-07,0.000215084
12/3/2016,2.79E-07,0.000213606
12/4/2016,2.77E-07,0.000212131
12/5/2016,2.86E-07,0.000215483
12/6/2016,2.80E-07,0.000212391
12/7/2016,2.76E-07,0.000210948
12/8/2016,2.79E-07,0.000214278
12/9/2016,2.77E-07,0.000213691
12/10/2016,2.79E-07,0.000216052
12/11/2016,2.94E-07,0.000226601
12/12/2016,2.86E-07,0.000223039
12/13/2016,2.75E-07,0.000214079
12/14/2016,2.78E-07,0.000215911
12/15/2016,2.74E-07,0.000212385
12/16/2016,2.79E-07,0.000218029
12/17/2016,2.73E-07,0.00021539
12/18/2016,2.77E-07,0.000218695
12/19/2016,2.71E-07,0.000214437
12/20/2016,2.78E-07,0.000222617
12/21/2016,2.66E-07,0.000220686
12/22/2016,2.59E-07,0.000222565
12/23/2016,2.53E-07,0.000231407
12/24/2016,2.60E-07,0.000231358
12/25/2016,2.56E-07,0.00022946
12/26/2016,2.58E-07,0.000233426
12/27/2016,2.42E-07,0.000224143
12/28/2016,2.27E-07,0.000222169
12/29/2016,2.34E-07,0.000227372
12/30/2016,2.39E-07,0.00022982
12/31/2016,2.38E-07,0.000230274
1/1/2017,2.28E-07,0.000227752
1/2/2017,2.17E-07,0.000221077
1/3/2017,2.19E-07,0.000226556
1/4/2017,1.93E-07,0.000219462
1/5/2017,2.27E-07,0.000227407
1/6/2017,2.47E-07,0.000220379
1/7/2017,2.49E-07,0.000224591
1/8/2017,2.46E-07,0.000224758
1/9/2017,2.58E-07,0.00023334
1/10/2017,2.46E-07,0.0002234
1/11/2017,2.65E-07,0.000209137
1/12/2017,2.66E-07,0.000214783
1/13/2017,2.59E-07,0.000214393
1/14/2017,2.58E-07,0.000211483
1/15/2017,2.57E-07,0.000211949
1/16/2017,2.49E-07,0.000206551
1/17/2017,2.39E-07,0.000216489
1/18/2017,2.39E-07,0.000210255
1/19/2017,2.38E-07,0.000214735
1/20/2017,2.37E-07,0.000212395
1/21/2017,2.25E-07,0.000208121
1/22/2017,2.28E-07,0.000209937
1/23/2017,2.28E-07,0.000209661
1/24/2017,2.28E-07,0.000202176
1/25/2017,2.28E-07,0.000203832
1/26/2017,2.28E-07,0.000208906
1/27/2017,2.25E-07,0.000207095
1/28/2017,2.27E-07,0.000209908
1/29/2017,2.25E-07,0.000206246
1/30/2017,2.28E-07,0.000209619
1/31/2017,2.15E-07,0.000208243
2/1/2017,2.16E-07,0.000213569
2/2/2017,2.10E-07,0.000211802
2/3/2017,2.06E-07,0.000209325
2/4/2017,2.08E-07,0.000214599
2/5/2017,2.07E-07,0.000209724
2/6/2017,2.07E-07,0.000211628
2/7/2017,1.97E-07,0.000207943
2/8/2017,1.98E-07,0.000208544
2/9/2017,2.11E-07,0.000207809
2/10/2017,2.07E-07,0.000206757
2/11/2017,2.06E-07,0.000207984
2/12/2017,2.06E-07,0.000207486
2/13/2017,2.08E-07,0.00020762
2/14/2017,2.04E-07,0.000206942
2/15/2017,2.05E-07,0.000208318
2/16/2017,2.06E-07,0.000213535
2/17/2017,1.98E-07,0.000209605
2/18/2017,1.92E-07,0.000204026
2/19/2017,1.97E-07,0.000208083
2/20/2017,1.93E-07,0.000210453
2/21/2017,1.88E-07,0.00021236
2/22/2017,1.79E-07,0.000201719
2/23/2017,1.77E-07,0.000210068
2/24/2017,1.74E-07,0.00020643
2/25/2017,1.77E-07,0.000204095
2/26/2017,1.75E-07,0.000206765
2/27/2017,1.75E-07,0.000208909
2/28/2017,1.76E-07,0.000209392
3/1/2017,1.62E-07,0.000199455
3/2/2017,1.65E-07,0.000208888
3/3/2017,1.68E-07,0.000216016
3/4/2017,1.66E-07,0.000210687
3/5/2017,1.66E-07,0.000211959
3/6/2017,1.68E-07,0.00021582
3/7/2017,1.67E-07,0.000205972
3/8/2017,1.78E-07,0.000204537
3/9/2017,1.77E-07,0.000211624
3/10/2017,1.78E-07,0.000195505
3/11/2017,1.77E-07,0.000208602
3/12/2017,1.78E-07,0.00021959
3/13/2017,2.00E-07,0.000247427
3/14/2017,1.95E-07,0.000243256
3/15/2017,1.86E-07,0.000234125
3/16/2017,1.95E-07,0.000229782
3/17/2017,1.96E-07,0.000210102
3/18/2017,2.26E-07,0.000217782
3/19/2017,2.25E-07,0.000229924
3/20/2017,2.20E-07,0.000228268
3/21/2017,2.17E-07,0.00024112
3/22/2017,2.27E-07,0.000235232
3/23/2017,2.28E-07,0.000234511
3/24/2017,2.78E-07,0.0002596
3/25/2017,3.01E-07,0.000292
3/26/2017,2.85E-07,0.000274777
3/27/2017,2.35E-07,0.000245468
3/28/2017,2.70E-07,0.000282678
3/29/2017,2.61E-07,0.000271282
3/30/2017,2.96E-07,0.000307157
3/31/2017,3.09E-07,0.000334771
4/1/2017,3.07E-07,0.000334781
4/2/2017,4.75E-07,0.000524854
4/3/2017,3.68E-07,0.000420787
4/4/2017,3.75E-07,0.000428695
4/5/2017,3.86E-07,0.000438623
4/6/2017,3.75E-07,0.000448207
4/7/2017,3.29E-07,0.000392481
4/8/2017,3.67E-07,0.000434534
4/9/2017,3.17E-07,0.000384967
4/10/2017,3.27E-07,0.0003966
4/11/2017,3.24E-07,0.000398131
4/12/2017,3.38E-07,0.000410492
4/13/2017,3.67E-07,0.000430375
4/14/2017,3.56E-07,0.000418028
4/15/2017,3.58E-07,0.000420939
4/16/2017,3.83E-07,0.000449908
4/17/2017,3.88E-07,0.000462097
4/18/2017,3.75E-07,0.000450398
4/19/2017,3.69E-07,0.000445951
4/20/2017,3.55E-07,0.000438863
4/21/2017,3.64E-07,0.000453957
4/22/2017,3.74E-07,0.000465006
4/23/2017,4.23E-07,0.000528493
4/24/2017,4.04E-07,0.000507624
4/25/2017,4.17E-07,0.000533354
4/26/2017,4.24E-07,0.000549794
4/27/2017,4.76E-07,0.000640587
4/28/2017,5.18E-07,0.000698222
4/29/2017,5.53E-07,0.000750331
4/30/2017,5.47E-07,0.000755485
5/1/2017,4.72E-07,0.000677593
5/2/2017,4.20E-07,0.000614863
5/3/2017,4.51E-07,0.000684549
5/4/2017,4.81E-07,0.0007412
5/5/2017,5.32E-07,0.00081416
5/6/2017,7.44E-07,0.001170574
5/7/2017,7.92E-07,0.001208524
5/8/2017,8.62E-07,0.001452856
5/9/2017,7.00E-07,0.001204103
5/10/2017,7.13E-07,0.001270936
5/11/2017,6.56E-07,0.00120362
5/12/2017,6.86E-07,0.001170198
5/13/2017,6.47E-07,0.001152144
5/14/2017,6.64E-07,0.001191245
5/15/2017,6.44E-07,0.001118309
5/16/2017,5.96E-07,0.001047719
5/17/2017,7.13E-07,0.001290053
5/18/2017,7.71E-07,0.001459986
5/19/2017,7.46E-07,0.001467312
5/20/2017,8.74E-07,0.001789064
5/21/2017,1.40E-06,0.002854872
5/22/2017,1.54E-06,0.003198461
5/23/2017,1.54E-06,0.003475603
5/24/2017,1.38E-06,0.003329186
5/25/2017,1.26E-06,0.002923693
5/26/2017,1.12E-06,0.002548389
5/27/2017,1.10E-06,0.002240864
5/28/2017,1.11E-06,0.002460123
5/29/2017,1.18E-06,0.002699707
5/30/2017,1.11E-06,0.002401187
5/31/2017,1.09E-06,0.002512773
6/1/2017,1.11E-06,0.00267231
6/2/2017,1.18E-06,0.002924624
6/3/2017,1.29E-06,0.00327694
6/4/2017,1.25E-06,0.003164699
6/5/2017,1.41E-06,0.003784068
6/6/2017,1.28E-06,0.003679269
6/7/2017,1.22E-06,0.003291913
6/8/2017,1.22E-06,0.003412185
6/9/2017,1.19E-06,0.003329758
6/10/2017,1.10E-06,0.003198036
6/11/2017,1.18E-06,0.003511227
6/12/2017,1.18E-06,0.003146011
6/13/2017,1.19E-06,0.003210732
6/14/2017,1.17E-06,0.00285561
6/15/2017,1.16E-06,0.002793974
6/16/2017,1.22E-06,0.003010426
6/17/2017,1.23E-06,0.003260774
6/18/2017,1.20E-06,0.00300087
6/19/2017,1.18E-06,0.00305232
6/20/2017,1.15E-06,0.003149235
6/21/2017,1.11E-06,0.002922097
6/22/2017,1.12E-06,0.003000023
6/23/2017,1.12E-06,0.003000204
6/24/2017,1.11E-06,0.002842972
6/25/2017,1.05E-06,0.002621669
6/26/2017,1.05E-06,0.002544485
6/27/2017,1.02E-06,0.002582494
6/28/2017,1.06E-06,0.002723316
6/29/2017,1.02E-06,0.002584583
6/30/2017,1.01E-06,0.002465708
7/1/2017,9.47E-07,0.002285526
7/2/2017,9.70E-07,0.002444504
7/3/2017,9.83E-07,0.002508582
7/4/2017,9.55E-07,0.002483747
7/5/2017,1.03E-06,0.002699155
7/6/2017,1.01E-06,0.002641143
7/7/2017,9.59E-07,0.002394087
7/8/2017,9.34E-07,0.002383772
7/9/2017,9.11E-07,0.00228287
7/10/2017,7.88E-07,0.001828377
7/11/2017,7.55E-07,0.001750375
7/12/2017,7.92E-07,0.00188124
7/13/2017,7.61E-07,0.001784105
7/14/2017,7.43E-07,0.001646359
7/15/2017,7.45E-07,0.001481832
7/16/2017,6.75E-07,0.001288851
7/17/2017,6.88E-07,0.00152454
7/18/2017,7.80E-07,0.001797004
7/19/2017,7.32E-07,0.001652476
7/20/2017,6.70E-07,0.00189189
7/21/2017,7.15E-07,0.001905149
7/22/2017,7.41E-07,0.002096931
7/23/2017,7.30E-07,0.002009704
7/24/2017,7.25E-07,0.001998303
7/25/2017,6.83E-07,0.001748212
7/26/2017,7.01E-07,0.001769262
7/27/2017,6.85E-07,0.00182532
7/28/2017,6.28E-07,0.001754785
7/29/2017,6.44E-07,0.001742419
7/30/2017,6.15E-07,0.001692094
7/31/2017,5.85E-07,0.001674718
8/1/2017,6.57E-07,0.001793159
8/2/2017,6.48E-07,0.001743721
8/3/2017,6.28E-07,0.001751901
8/4/2017,6.25E-07,0.001787778
8/5/2017,6.26E-07,0.002026574
8/6/2017,6.00E-07,0.00193848
8/7/2017,5.74E-07,0.001947231
8/8/2017,5.74E-07,0.001967738
8/9/2017,5.76E-07,0.001928053
8/10/2017,5.59E-07,0.001920088
8/11/2017,5.13E-07,0.001878003
8/12/2017,4.75E-07,0.001840186
8/13/2017,4.41E-07,0.001790311
8/14/2017,4.05E-07,0.00174234
8/15/2017,4.09E-07,0.001701645
8/16/2017,3.97E-07,0.001732229
8/17/2017,3.89E-07,0.001677618
8/18/2017,4.00E-07,0.001642668
8/19/2017,3.96E-07,0.001645913
8/20/2017,4.13E-07,0.00168929
8/21/2017,4.24E-07,0.001691766
8/22/2017,4.15E-07,0.001691107
8/23/2017,4.15E-07,0.001719482
8/24/2017,4.15E-07,0.001796503
8/25/2017,3.95E-07,0.001719641
8/26/2017,4.04E-07,0.001753888
8/27/2017,4.05E-07,0.001759136
8/28/2017,4.11E-07,0.001801313
8/29/2017,4.08E-07,0.00187683
8/30/2017,4.60E-07,0.002110239
8/31/2017,4.38E-07,0.002078087
9/1/2017,5.10E-07,0.002508764
9/2/2017,4.84E-07,0.002223825
9/3/2017,4.73E-07,0.002189167
9/4/2017,4.45E-07,0.001948202
9/5/2017,4.52E-07,0.002014891
9/6/2017,4.44E-07,0.002047331
9/7/2017,4.34E-07,0.002011865
9/8/2017,4.13E-07,0.001793423
9/9/2017,3.95E-07,0.001714308
9/10/2017,3.66E-07,0.001559933
9/11/2017,3.65E-07,0.001536862
9/12/2017,3.59E-07,0.001493322
9/13/2017,3.54E-07,0.001374343
9/14/2017,2.93E-07,0.000951643
9/15/2017,2.64E-07,0.000976882
9/16/2017,2.46E-07,0.000911378
9/17/2017,2.36E-07,0.000877181
9/18/2017,2.36E-07,0.000962636
9/19/2017,2.18E-07,0.000856764
9/20/2017,2.15E-07,0.000837515
9/21/2017,2.06E-07,0.000745225
9/22/2017,2.14E-07,0.000776104
9/23/2017,2.49E-07,0.000940506
9/24/2017,2.39E-07,0.000877289
9/25/2017,2.90E-07,0.001137302
9/26/2017,2.96E-07,0.001149873
9/27/2017,2.74E-07,0.001151562
9/28/2017,2.57E-07,0.001076808
9/29/2017,2.64E-07,0.001095595
9/30/2017,2.66E-07,0.001153589
10/1/2017,2.45E-07,0.00107254
10/2/2017,2.43E-07,0.001065589
10/3/2017,2.36E-07,0.001014635
10/4/2017,2.38E-07,0.001002201
10/5/2017,2.31E-07,0.000995925
10/6/2017,2.34E-07,0.001023111
10/7/2017,2.35E-07,0.001041358
10/8/2017,2.25E-07,0.001034875
10/9/2017,2.01E-07,0.000961218
10/10/2017,2.06E-07,0.000975525
10/11/2017,2.14E-07,0.001029163
10/12/2017,1.94E-07,0.00104895
10/13/2017,1.84E-07,0.001034671
10/14/2017,1.84E-07,0.001064415
10/15/2017,1.86E-07,0.001060538
10/16/2017,2.02E-07,0.00116024
10/17/2017,1.90E-07,0.001064202
10/18/2017,1.84E-07,0.001028935
10/19/2017,1.83E-07,0.001045107
10/20/2017,1.74E-07,0.001045292
10/21/2017,1.66E-07,0.000998669
10/22/2017,1.74E-07,0.001043945
10/23/2017,1.72E-07,0.001012483
10/24/2017,1.94E-07,0.001072022
10/25/2017,1.84E-07,0.00105583
10/26/2017,1.75E-07,0.001034823
10/27/2017,1.74E-07,0.001002808
10/28/2017,1.73E-07,0.000999096
10/29/2017,1.88E-07,0.001159822
10/30/2017,1.86E-07,0.001135743
10/31/2017,1.75E-07,0.001127645
11/1/2017,1.64E-07,0.001103148
11/2/2017,1.64E-07,0.001153355
11/3/2017,1.56E-07,0.001120548
11/4/2017,1.56E-07,0.001157177
11/5/2017,1.59E-07,0.00117092
11/6/2017,1.64E-07,0.00114664
11/7/2017,1.66E-07,0.001181904
11/8/2017,1.67E-07,0.001243742
11/9/2017,1.96E-07,0.001397732
11/10/2017,1.76E-07,0.001166726
11/11/2017,1.85E-07,0.001177213
11/12/2017,1.76E-07,0.001024777
11/13/2017,1.84E-07,0.00120212
11/14/2017,1.78E-07,0.001174785
11/15/2017,1.76E-07,0.001278563
11/16/2017,1.74E-07,0.001366868
11/17/2017,1.66E-07,0.001286052
11/18/2017,1.73E-07,0.001345264
11/19/2017,1.68E-07,0.001349032
11/20/2017,1.65E-07,0.001363409
11/21/2017,1.67E-07,0.00135062
11/22/2017,2.29E-07,0.001887229
11/23/2017,2.40E-07,0.001937604
11/24/2017,2.33E-07,0.001920669
11/25/2017,2.34E-07,0.002052132
11/26/2017,2.14E-07,0.001992668
11/27/2017,2.06E-07,0.002005648
11/28/2017,2.37E-07,0.002355977
11/29/2017,2.12E-07,0.002079837
11/30/2017,2.07E-07,0.002064617
12/1/2017,1.96E-07,0.002114541
12/2/2017,1.93E-07,0.002111928
12/3/2017,1.96E-07,0.002202593
12/4/2017,2.12E-07,0.002456412
12/5/2017,2.10E-07,0.002469129
12/6/2017,1.88E-07,0.002628072
12/7/2017,1.58E-07,0.002685746
12/8/2017,1.70E-07,0.002774455
12/9/2017,1.74E-07,0.002621778
12/10/2017,1.67E-07,0.002586639
12/11/2017,1.59E-07,0.00268713
12/12/2017,1.88E-07,0.003277842
12/13/2017,2.11E-07,0.003490987
12/14/2017,2.23E-07,0.003707573
12/15/2017,2.09E-07,0.003701982
12/16/2017,2.96E-07,0.005808128
12/17/2017,3.13E-07,0.00602045
12/18/2017,3.32E-07,0.006306269
12/19/2017,3.16E-07,0.005582034
12/20/2017,4.02E-07,0.006621602
12/21/2017,4.71E-07,0.007368185
12/22/2017,4.39E-07,0.006277551
12/23/2017,5.01E-07,0.00746904
12/24/2017,6.23E-07,0.008739733
12/25/2017,6.42E-07,0.009044982
12/26/2017,5.93E-07,0.009327055
12/27/2017,5.65E-07,0.008687896
12/28/2017,5.73E-07,0.008193896
12/29/2017,6.48E-07,0.009440545
12/30/2017,6.13E-07,0.007938504
12/31/2017,6.49E-07,0.009034691
1/1/2018,6.54E-07,0.00880373
1/2/2018,6.11E-07,0.009011452
1/3/2018,6.14E-07,0.009209497
1/4/2018,6.32E-07,0.009524498
1/5/2018,7.44E-07,0.012649367
1/6/2018,8.55E-07,0.014619463
1/7/2018,1.03E-06,0.01676284
1/8/2018,9.82E-07,0.014672056
1/9/2018,8.96E-07,0.012884154
1/10/2018,8.62E-07,0.012649178
1/11/2018,8.41E-07,0.011087622
1/12/2018,9.14E-07,0.012608468
1/13/2018,8.60E-07,0.012235486
1/14/2018,8.35E-07,0.011421294
1/15/2018,7.18E-07,0.009763902
1/16/2018,5.88E-07,0.006717539
1/17/2018,6.75E-07,0.007527549
1/18/2018,6.90E-07,0.007757736
1/19/2018,6.79E-07,0.007772536
1/20/2018,6.56E-07,0.0083761
1/21/2018,6.16E-07,0.007033677
1/22/2018,6.18E-07,0.006636489
1/23/2018,6.11E-07,0.006626053
1/24/2018,6.25E-07,0.007012189
1/25/2018,6.76E-07,0.007520321
1/26/2018,6.47E-07,0.007142695
1/27/2018,6.45E-07,0.00730036
1/28/2018,6.39E-07,0.007422745
1/29/2018,6.16E-07,0.006858559
1/30/2018,5.91E-07,0.005884161
1/31/2018,5.81E-07,0.005835048
2/1/2018,5.47E-07,0.004945333
2/2/2018,5.01E-07,0.004397573
2/3/2018,5.59E-07,0.005100348
2/4/2018,5.25E-07,0.004333401
2/5/2018,5.02E-07,0.003438857
2/6/2018,5.59E-07,0.004326601
2/7/2018,5.59E-07,0.004259339
2/8/2018,5.45E-07,0.004482706
2/9/2018,5.72E-07,0.00495712
2/10/2018,5.78E-07,0.004929165
2/11/2018,6.14E-07,0.004973062
2/12/2018,6.14E-07,0.005472523
2/13/2018,6.58E-07,0.005605839
2/14/2018,7.11E-07,0.006727482
2/15/2018,7.21E-07,0.007287007
2/16/2018,6.94E-07,0.007073517
2/17/2018,6.41E-07,0.00710247
2/18/2018,6.14E-07,0.006417289
2/19/2018,5.91E-07,0.006583542
2/20/2018,6.27E-07,0.007048415
2/21/2018,6.19E-07,0.00647186
2/22/2018,6.24E-07,0.006160453
2/23/2018,6.51E-07,0.006609466
2/24/2018,6.37E-07,0.006173711
2/25/2018,6.34E-07,0.006091387
2/26/2018,6.15E-07,0.00634047
2/27/2018,5.85E-07,0.00622827
2/28/2018,5.75E-07,0.005922987
3/1/2018,5.67E-07,0.006197308
3/2/2018,4.89E-07,0.00538848
3/3/2018,4.58E-07,0.00523429
3/4/2018,4.74E-07,0.005434247
3/5/2018,4.49E-07,0.005186232
3/6/2018,4.25E-07,0.004536886
3/7/2018,3.99E-07,0.003954784
3/8/2018,4.26E-07,0.003970203
3/9/2018,4.44E-07,0.004116171
3/10/2018,4.48E-07,0.003932518
3/11/2018,4.38E-07,0.004163533
3/12/2018,4.36E-07,0.003990167
3/13/2018,4.26E-07,0.003903023
3/14/2018,4.26E-07,0.003503583
3/15/2018,4.28E-07,0.003538785
3/16/2018,4.17E-07,0.003492739
3/17/2018,4.09E-07,0.003226991
3/18/2018,3.84E-07,0.003141954
3/19/2018,4.04E-07,0.003446645
3/20/2018,4.09E-07,0.003641453
3/21/2018,4.05E-07,0.00359582
3/22/2018,4.05E-07,0.003527938
3/23/2018,3.98E-07,0.003493603
3/24/2018,4.03E-07,0.003473857
3/25/2018,4.06E-07,0.003425799
3/26/2018,3.96E-07,0.003235211
3/27/2018,3.96E-07,0.003104522
3/28/2018,3.96E-07,0.003141693
3/29/2018,3.88E-07,0.0027593
3/30/2018,3.98E-07,0.002720215
3/31/2018,3.98E-07,0.002752468
4/1/2018,3.95E-07,0.002689117
4/2/2018,3.93E-07,0.002767409
4/3/2018,4.04E-07,0.002999948
4/4/2018,3.97E-07,0.002690366
4/5/2018,4.04E-07,0.002747927
4/6/2018,4.05E-07,0.002674698
4/7/2018,4.05E-07,0.002787819
4/8/2018,4.03E-07,0.002824116
4/9/2018,4.07E-07,0.002739779
4/10/2018,4.46E-07,0.003040821
4/11/2018,4.87E-07,0.003385437
4/12/2018,4.81E-07,0.003803139
4/13/2018,5.07E-07,0.004015694
4/14/2018,5.17E-07,0.004136927
4/15/2018,5.53E-07,0.004609384
4/16/2018,5.72E-07,0.004606202
4/17/2018,6.01E-07,0.004742046
4/18/2018,6.70E-07,0.005469159
4/19/2018,7.01E-07,0.005797515
4/20/2018,6.55E-07,0.005789315
4/21/2018,6.20E-07,0.005496117
4/22/2018,6.33E-07,0.005573486
4/23/2018,6.30E-07,0.005627212
4/24/2018,6.03E-07,0.005818098
4/25/2018,5.78E-07,0.005120872
4/26/2018,6.03E-07,0.005591052
4/27/2018,6.06E-07,0.005442428
4/28/2018,5.94E-07,0.005547632
4/29/2018,5.84E-07,0.00549136
4/30/2018,5.72E-07,0.005281224
5/1/2018,5.63E-07,0.005111975
5/2/2018,5.79E-07,0.005327472
5/3/2018,5.70E-07,0.00555945
5/4/2018,5.44E-07,0.005271189
5/5/2018,5.28E-07,0.005171948
5/6/2018,5.17E-07,0.004964282
5/7/2018,5.27E-07,0.004921367
5/8/2018,5.73E-07,0.005282864
5/9/2018,5.38E-07,0.004998069
5/10/2018,5.26E-07,0.004757344
5/11/2018,5.07E-07,0.00427156
5/12/2018,5.10E-07,0.004325156
5/13/2018,5.17E-07,0.00449143
5/14/2018,5.14E-07,0.004456007
5/15/2018,5.32E-07,0.00451971
5/16/2018,5.25E-07,0.004376233
5/17/2018,5.15E-07,0.004143999
5/18/2018,5.14E-07,0.00422936
5/19/2018,5.17E-07,0.004251571
5/20/2018,5.13E-07,0.004369249
5/21/2018,5.04E-07,0.004234153
5/22/2018,4.76E-07,0.003810842
5/23/2018,4.58E-07,0.003441059
5/24/2018,4.67E-07,0.003537849
5/25/2018,4.65E-07,0.003451116
5/26/2018,4.66E-07,0.003412095
5/27/2018,4.58E-07,0.003361014
5/28/2018,4.45E-07,0.003166332
5/29/2018,4.59E-07,0.003424428
5/30/2018,4.53E-07,0.003341226
5/31/2018,4.55E-07,0.003401905
6/1/2018,4.55E-07,0.003417898
6/2/2018,4.71E-07,0.003595119
6/3/2018,4.74E-07,0.003654046
6/4/2018,4.70E-07,0.003517526
6/5/2018,4.75E-07,0.003618837
6/6/2018,4.91E-07,0.00375978
6/7/2018,4.86E-07,0.003723264
6/8/2018,4.78E-07,0.003644011
6/9/2018,4.74E-07,0.003581534
6/10/2018,4.57E-07,0.003083074
6/11/2018,4.64E-07,0.003179702
6/12/2018,4.66E-07,0.003040736
6/13/2018,4.29E-07,0.002706486
6/14/2018,4.41E-07,0.002925303
6/15/2018,4.37E-07,0.002795886
6/16/2018,4.45E-07,0.002888934
6/17/2018,4.44E-07,0.002865808
6/18/2018,4.46E-07,0.002992237
6/19/2018,4.45E-07,0.002996644
6/20/2018,4.44E-07,0.002997666
6/21/2018,4.35E-07,0.002922482
6/22/2018,4.24E-07,0.002571162
6/23/2018,4.23E-07,0.002612121
6/24/2018,4.03E-07,0.002478742
6/25/2018,4.03E-07,0.002514574
6/26/2018,3.96E-07,0.002416514
6/27/2018,3.96E-07,0.002428084
6/28/2018,3.85E-07,0.0022563
6/29/2018,3.84E-07,0.002390967
6/30/2018,3.94E-07,0.002509671
7/1/2018,3.94E-07,0.002506677
7/2/2018,4.13E-07,0.002732037
7/3/2018,4.04E-07,0.002623742
7/4/2018,4.04E-07,0.002657281
7/5/2018,3.95E-07,0.002579698
7/6/2018,3.93E-07,0.002592647
7/7/2018,3.87E-07,0.00260629
7/8/2018,3.94E-07,0.002644483
7/9/2018,3.92E-07,0.002612679
7/10/2018,3.77E-07,0.002378174
7/11/2018,3.75E-07,0.0023921
7/12/2018,3.64E-07,0.002242416
7/13/2018,3.72E-07,0.002307485
7/14/2018,3.75E-07,0.002343031
7/15/2018,3.76E-07,0.002389265
7/16/2018,4.24E-07,0.002842774
7/17/2018,4.43E-07,0.003244767
7/18/2018,4.99E-07,0.003677318
7/19/2018,5.10E-07,0.003811852
7/20/2018,4.66E-07,0.003416419
7/21/2018,4.77E-07,0.003534365
7/22/2018,4.73E-07,0.003498816
7/23/2018,4.46E-07,0.003441936
7/24/2018,4.33E-07,0.003640036
7/25/2018,4.38E-07,0.003593002
7/26/2018,4.27E-07,0.003375487
7/27/2018,4.24E-07,0.003463675
7/28/2018,4.18E-07,0.003422868
7/29/2018,4.00E-07,0.003289329
7/30/2018,4.02E-07,0.003287886
7/31/2018,3.86E-07,0.002984873
8/1/2018,4.03E-07,0.003062667
8/2/2018,3.97E-07,0.002996868
8/3/2018,3.95E-07,0.002930504
8/4/2018,4.06E-07,0.002843712
8/5/2018,4.15E-07,0.002915377
8/6/2018,3.99E-07,0.002764251
8/7/2018,3.94E-07,0.002649044
8/8/2018,3.84E-07,0.002407607
8/9/2018,3.96E-07,0.002598136
8/10/2018,3.95E-07,0.002423488
8/11/2018,3.78E-07,0.002388019
8/12/2018,3.84E-07,0.002426515
8/13/2018,3.73E-07,0.002334176
8/14/2018,3.63E-07,0.002248133
8/15/2018,3.64E-07,0.002285004
8/16/2018,3.59E-07,0.00225707
8/17/2018,3.85E-07,0.002525431
8/18/2018,3.77E-07,0.002414182
8/19/2018,3.80E-07,0.002469327
8/20/2018,3.78E-07,0.002370283
8/21/2018,3.74E-07,0.00242214
8/22/2018,3.66E-07,0.002328305
8/23/2018,3.65E-07,0.002378506
8/24/2018,3.65E-07,0.002444008
8/25/2018,3.57E-07,0.002409509
8/26/2018,3.64E-07,0.002437009
8/27/2018,3.63E-07,0.002480185
8/28/2018,3.76E-07,0.002668237
8/29/2018,3.68E-07,0.002588112
8/30/2018,4.56E-07,0.003173484
8/31/2018,6.83E-07,0.004799144
9/1/2018,8.61E-07,0.006189507
9/2/2018,6.87E-07,0.005007132
9/3/2018,7.26E-07,0.005270665
9/4/2018,7.28E-07,0.005356821
9/5/2018,7.24E-07,0.004914444
9/6/2018,7.68E-07,0.004985298
9/7/2018,8.21E-07,0.005262558
9/8/2018,9.15E-07,0.005658862
9/9/2018,9.31E-07,0.00581713
9/10/2018,1.09E-06,0.006850783
9/11/2018,9.97E-07,0.006262679
9/12/2018,1.01E-06,0.006416857
9/13/2018,1.00E-06,0.006520708
9/14/2018,9.49E-07,0.006160371
9/15/2018,9.56E-07,0.006235844
9/16/2018,1.01E-06,0.006531391
9/17/2018,9.95E-07,0.006226104
9/18/2018,9.36E-07,0.00593298
9/19/2018,8.77E-07,0.005601155
9/20/2018,8.78E-07,0.005704714
9/21/2018,8.46E-07,0.005706279
9/22/2018,8.64E-07,0.005796414
9/23/2018,8.94E-07,0.005990284
9/24/2018,8.60E-07,0.005653294
9/25/2018,8.91E-07,0.005713997
9/26/2018,8.85E-07,0.005716823
9/27/2018,8.84E-07,0.005905702
9/28/2018,8.85E-07,0.005861612
9/29/2018,8.93E-07,0.00588319
9/30/2018,8.91E-07,0.005884966
10/1/2018,9.03E-07,0.00592245
10/2/2018,8.91E-07,0.005799688
10/3/2018,8.76E-07,0.005663519
10/4/2018,8.58E-07,0.005617911
10/5/2018,8.57E-07,0.005645523
10/6/2018,8.47E-07,0.005549762
10/7/2018,8.55E-07,0.00561
10/8/2018,8.42E-07,0.005561318
10/9/2018,8.48E-07,0.005585446
10/10/2018,8.44E-07,0.005513345
10/11/2018,8.01E-07,0.004935223
10/12/2018,8.36E-07,0.005174805
10/13/2018,8.28E-07,0.005132517
10/14/2018,8.27E-07,0.005115934
10/15/2018,7.96E-07,0.005125875
10/16/2018,7.66E-07,0.004950371
10/17/2018,7.02E-07,0.004519644
10/18/2018,6.76E-07,0.004323024
10/19/2018,7.05E-07,0.004499012
10/20/2018,7.07E-07,0.00453188
10/21/2018,6.98E-07,0.004480191
10/22/2018,6.75E-07,0.00432757
10/23/2018,6.46E-07,0.00413174
10/24/2018,6.04E-07,0.003872841
10/25/2018,5.77E-07,0.003694859
10/26/2018,6.22E-07,0.003983321
10/27/2018,6.54E-07,0.004189458
10/28/2018,6.25E-07,0.004005647
10/29/2018,6.07E-07,0.00380332
10/30/2018,6.15E-07,0.003859143
10/31/2018,5.97E-07,0.003763416
11/1/2018,5.94E-07,0.003770278
11/2/2018,5.95E-07,0.003776456
11/3/2018,5.93E-07,0.003755458
11/4/2018,5.78E-07,0.003712599
11/5/2018,5.64E-07,0.003611425
11/6/2018,5.74E-07,0.003694039
11/7/2018,5.56E-07,0.003617466
11/8/2018,5.24E-07,0.00335558
11/9/2018,4.93E-07,0.003119854
11/10/2018,5.17E-07,0.003283913
11/11/2018,4.94E-07,0.00313033
11/12/2018,4.82E-07,0.003043944
11/13/2018,4.60E-07,0.002881751
11/14/2018,4.72E-07,0.002629709
11/15/2018,5.00E-07,0.002770737
11/16/2018,4.95E-07,0.002719621
11/17/2018,4.66E-07,0.002561465
11/18/2018,4.66E-07,0.002587604
11/19/2018,4.95E-07,0.00237108
11/20/2018,5.13E-07,0.002215527
11/21/2018,5.33E-07,0.002425295
11/22/2018,5.44E-07,0.002341812
11/23/2018,5.43E-07,0.002331188
11/24/2018,5.71E-07,0.0021745
11/25/2018,5.52E-07,0.002178212
11/26/2018,5.53E-07,0.00204679
11/27/2018,5.37E-07,0.002028311
11/28/2018,5.31E-07,0.00223343
11/29/2018,5.22E-07,0.002213781
11/30/2018,5.44E-07,0.00216175
12/1/2018,5.34E-07,0.002216537
12/2/2018,5.33E-07,0.002185454
12/3/2018,5.53E-07,0.002126437
12/4/2018,5.57E-07,0.002167196
12/5/2018,5.78E-07,0.002143545
12/6/2018,5.93E-07,0.002081191
12/7/2018,6.23E-07,0.002100486
12/8/2018,6.13E-07,0.002089187
12/9/2018,5.86E-07,0.002074041
12/10/2018,5.99E-07,0.002043381
12/11/2018,6.03E-07,0.002023255
12/12/2018,5.95E-07,0.002036886
12/13/2018,6.23E-07,0.002031248
12/14/2018,6.34E-07,0.002029573
12/15/2018,6.37E-07,0.002028898
12/16/2018,6.47E-07,0.002068462
12/17/2018,7.21E-07,0.002524125
12/18/2018,6.93E-07,0.002535782
12/19/2018,7.21E-07,0.002666081
12/20/2018,6.52E-07,0.002652956
12/21/2018,6.37E-07,0.002444648
12/22/2018,6.21E-07,0.002464144
12/23/2018,6.36E-07,0.002506724
12/24/2018,6.20E-07,0.002505638
12/25/2018,6.38E-07,0.00239829
12/26/2018,6.26E-07,0.002382327
12/27/2018,6.44E-07,0.00230953
12/28/2018,6.15E-07,0.002388364
12/29/2018,6.15E-07,0.002349676
12/30/2018,6.14E-07,0.002347033
12/31/2018,6.27E-07,0.002311743
1/1/2019,6.22E-07,0.002367596
1/2/2019,6.06E-07,0.002362913
1/3/2019,6.06E-07,0.002292974
1/4/2019,5.95E-07,0.002278241
1/5/2019,5.95E-07,0.002260635
1/6/2019,5.63E-07,0.002277195
1/7/2019,5.61E-07,0.002242655
1/8/2019,5.59E-07,0.002231534
1/9/2019,5.58E-07,0.002232602
1/10/2019,5.82E-07,0.002111966
1/11/2019,5.78E-07,0.00209471
1/12/2019,5.83E-07,0.002110403
1/13/2019,5.93E-07,0.002080528
1/14/2019,5.73E-07,0.002102171
1/15/2019,5.72E-07,0.002049074
1/16/2019,5.78E-07,0.002084478
1/17/2019,5.74E-07,0.002089841
1/18/2019,5.69E-07,0.002052882
1/19/2019,5.76E-07,0.002123056
1/20/2019,5.78E-07,0.002046213
1/21/2019,5.78E-07,0.002042941
1/22/2019,5.68E-07,0.002031316
1/23/2019,5.65E-07,0.002005123
1/24/2019,5.65E-07,0.002014189
1/25/2019,5.63E-07,0.002004996
1/26/2019,5.63E-07,0.002004241
1/27/2019,5.60E-07,0.001982767
1/28/2019,5.51E-07,0.001893076
1/29/2019,5.53E-07,0.001878235
1/30/2019,5.56E-07,0.001910836
1/31/2019,5.51E-07,0.001878554
2/1/2019,5.53E-07,0.001906193
2/2/2019,5.51E-07,0.001907795
2/3/2019,5.45E-07,0.00186139
2/4/2019,5.39E-07,0.001839399
2/5/2019,5.35E-07,0.00183478
2/6/2019,5.29E-07,0.001780721
2/7/2019,5.37E-07,0.001804057
2/8/2019,5.32E-07,0.001922525
2/9/2019,5.23E-07,0.001894227
2/10/2019,5.17E-07,0.001883219
2/11/2019,5.13E-07,0.001843426
2/12/2019,5.18E-07,0.001857504
2/13/2019,5.23E-07,0.00186948
2/14/2019,5.25E-07,0.001870483
2/15/2019,5.26E-07,0.001873536
2/16/2019,5.35E-07,0.001916166
2/17/2019,5.52E-07,0.001999578
2/18/2019,5.29E-07,0.002045053
2/19/2019,5.26E-07,0.002049936
2/20/2019,5.18E-07,0.002034849
2/21/2019,5.13E-07,0.001998215
2/22/2019,5.17E-07,0.002039629
2/23/2019,5.04E-07,0.002069755
2/24/2019,5.13E-07,0.001927658
2/25/2019,5.19E-07,0.001982904
2/26/2019,5.12E-07,0.001944233
2/27/2019,5.11E-07,0.001943147
2/28/2019,5.05E-07,0.001914603
3/1/2019,5.12E-07,0.001950932
3/2/2019,5.17E-07,0.001970353
3/3/2019,5.15E-07,0.0019473
3/4/2019,5.13E-07,0.00189607
3/5/2019,5.06E-07,0.001941445
3/6/2019,5.02E-07,0.001933212
3/7/2019,5.04E-07,0.001945155
3/8/2019,5.05E-07,0.001939189
3/9/2019,5.03E-07,0.001966418
3/10/2019,5.00E-07,0.001952605
3/11/2019,5.00E-07,0.00192546
3/12/2019,5.14E-07,0.001984321
3/13/2019,5.17E-07,0.001992333
3/14/2019,5.22E-07,0.00201082
3/15/2019,5.18E-07,0.002023024
3/16/2019,5.14E-07,0.002050238
3/17/2019,5.17E-07,0.002049584
3/18/2019,5.15E-07,0.002045849
3/19/2019,5.11E-07,0.002042913
3/20/2019,5.05E-07,0.002034489
3/21/2019,5.07E-07,0.002015955
3/22/2019,5.06E-07,0.002017202
3/23/2019,5.05E-07,0.002010839
3/24/2019,5.05E-07,0.002007113
3/25/2019,5.14E-07,0.002008199
3/26/2019,5.16E-07,0.002021486
3/27/2019,5.13E-07,0.002065147
3/28/2019,5.13E-07,0.002056766
3/29/2019,5.09E-07,0.002081423
3/30/2019,5.09E-07,0.002082065
3/31/2019,5.05E-07,0.002067124
4/1/2019,5.91E-07,0.002446233
4/2/2019,5.89E-07,0.002890109
4/3/2019,6.30E-07,0.003123095
4/4/2019,7.52E-07,0.003691679
4/5/2019,7.14E-07,0.003593873
4/6/2019,6.71E-07,0.003386113
4/7/2019,6.57E-07,0.003410332
4/8/2019,5.66E-07,0.00299153
4/9/2019,5.55E-07,0.002882781
4/10/2019,5.62E-07,0.00298359
4/11/2019,5.46E-07,0.002756133
4/12/2019,5.54E-07,0.002818339
4/13/2019,5.64E-07,0.002864709
4/14/2019,5.56E-07,0.002865667
4/15/2019,5.47E-07,0.002757381
4/16/2019,5.36E-07,0.002792513
4/17/2019,5.33E-07,0.002787197
4/18/2019,5.59E-07,0.002951011
4/19/2019,5.44E-07,0.002876756
4/20/2019,5.34E-07,0.002836341
4/21/2019,5.19E-07,0.002747483
4/22/2019,5.14E-07,0.002768173
4/23/2019,4.93E-07,0.00273268
4/24/2019,4.69E-07,0.0025489
4/25/2019,4.72E-07,0.002418269
4/26/2019,4.83E-07,0.00248513
4/27/2019,4.83E-07,0.002503226
4/28/2019,4.73E-07,0.002436212
4/29/2019,4.63E-07,0.002386256
4/30/2019,4.70E-07,0.002473479
5/1/2019,4.68E-07,0.002487873
5/2/2019,4.74E-07,0.002555447
5/3/2019,4.67E-07,0.002639717
5/4/2019,4.58E-07,0.00264609
5/5/2019,4.53E-07,0.00259733
5/6/2019,4.47E-07,0.00254285
5/7/2019,4.28E-07,0.002491512
5/8/2019,4.21E-07,0.002495244
5/9/2019,4.03E-07,0.002476556
5/10/2019,3.92E-07,0.002490517
5/11/2019,3.81E-07,0.002793637
5/12/2019,3.75E-07,0.002601496
5/13/2019,3.47E-07,0.00270463
5/14/2019,3.81E-07,0.003028241
5/15/2019,4.07E-07,0.003345594
5/16/2019,3.99E-07,0.003139157
5/17/2019,3.95E-07,0.002897696
5/18/2019,4.03E-07,0.002936161
5/19/2019,3.83E-07,0.003149833
5/20/2019,3.75E-07,0.002990691
5/21/2019,3.82E-07,0.003049555
5/22/2019,3.73E-07,0.002862413
5/23/2019,3.75E-07,0.002965355
5/24/2019,3.74E-07,0.002985686
5/25/2019,3.74E-07,0.003016166
5/26/2019,3.55E-07,0.003097048
5/27/2019,3.55E-07,0.003128774
5/28/2019,3.64E-07,0.003171586
5/29/2019,3.65E-07,0.003157771
5/30/2019,3.83E-07,0.003165276
5/31/2019,4.01E-07,0.003433926
6/1/2019,3.94E-07,0.003367517
6/2/2019,3.85E-07,0.003366505
6/3/2019,3.81E-07,0.003118059
6/4/2019,3.83E-07,0.002933173
6/5/2019,3.82E-07,0.002978009
6/6/2019,3.97E-07,0.00308438
6/7/2019,3.86E-07,0.003099918
6/8/2019,3.82E-07,0.003029405
6/9/2019,3.86E-07,0.002944117
6/10/2019,3.85E-07,0.003073955
6/11/2019,3.83E-07,0.003035214
6/12/2019,3.74E-07,0.003046696
6/13/2019,3.67E-07,0.003020967
6/14/2019,3.53E-07,0.003072851
6/15/2019,3.54E-07,0.003130619
6/16/2019,3.47E-07,0.003126325
6/17/2019,3.37E-07,0.00314661
6/18/2019,3.34E-07,0.003019532
6/19/2019,3.35E-07,0.003107585
6/20/2019,3.24E-07,0.003088651
6/21/2019,3.21E-07,0.003239286
6/22/2019,3.06E-07,0.003270846
6/23/2019,3.02E-07,0.003264337
6/24/2019,3.05E-07,0.003353936
6/25/2019,2.83E-07,0.003321164
6/26/2019,2.61E-07,0.003362769
6/27/2019,2.96E-07,0.003292967
6/28/2019,2.74E-07,0.003383
6/29/2019,2.84E-07,0.003388084
6/30/2019,2.99E-07,0.003239496
7/1/2019,3.05E-07,0.003226966
7/2/2019,2.92E-07,0.003144024
7/3/2019,2.74E-07,0.003277474
7/4/2019,2.84E-07,0.003175244
7/5/2019,3.47E-07,0.003819704
7/6/2019,3.09E-07,0.003463466
7/7/2019,3.15E-07,0.003604573
7/8/2019,2.83E-07,0.00349032
7/9/2019,2.78E-07,0.003490985
7/10/2019,2.74E-07,0.003317931
7/11/2019,2.81E-07,0.003175402
7/12/2019,2.76E-07,0.003261126
7/13/2019,2.85E-07,0.003236866
7/14/2019,2.85E-07,0.002927942
7/15/2019,2.82E-07,0.00307933
7/16/2019,2.94E-07,0.002786741
7/17/2019,2.99E-07,0.002892083
7/18/2019,2.93E-07,0.003124639
7/19/2019,2.86E-07,0.003007636
7/20/2019,2.88E-07,0.003132341
7/21/2019,2.82E-07,0.002985951
7/22/2019,2.83E-07,0.002921166
7/23/2019,2.86E-07,0.002825777
7/24/2019,2.98E-07,0.002913575
7/25/2019,2.96E-07,0.002925165
7/26/2019,2.96E-07,0.002912772
7/27/2019,2.91E-07,0.002744703
7/28/2019,2.99E-07,0.002846906
7/29/2019,2.92E-07,0.002776653
7/30/2019,2.91E-07,0.002790476
7/31/2019,2.88E-07,0.002892507
8/1/2019,2.79E-07,0.00290295
8/2/2019,2.75E-07,0.002896577
8/3/2019,2.66E-07,0.002874744
8/4/2019,2.67E-07,0.002931163
8/5/2019,2.56E-07,0.003014863
8/6/2019,2.56E-07,0.002923294
8/7/2019,2.46E-07,0.002943977
8/8/2019,2.47E-07,0.00295046
8/9/2019,2.46E-07,0.002911815
8/10/2019,2.53E-07,0.002857089
8/11/2019,2.53E-07,0.002916209
8/12/2019,2.53E-07,0.002884686
8/13/2019,2.57E-07,0.002791652
8/14/2019,2.72E-07,0.002726675
8/15/2019,2.52E-07,0.002593628
8/16/2019,2.57E-07,0.002663288
8/17/2019,2.54E-07,0.002588567
8/18/2019,2.67E-07,0.002757276
8/19/2019,2.53E-07,0.002749101
8/20/2019,2.56E-07,0.002755915
8/21/2019,2.59E-07,0.002614394
8/22/2019,2.67E-07,0.002698569
8/23/2019,2.57E-07,0.002672509
8/24/2019,2.56E-07,0.002592815
8/25/2019,2.53E-07,0.002556435
8/26/2019,2.56E-07,0.002656731
8/27/2019,2.57E-07,0.002614214
8/28/2019,2.54E-07,0.002471151
8/29/2019,2.53E-07,0.002394771
8/30/2019,2.54E-07,0.002430598
8/31/2019,2.54E-07,0.002441372
9/1/2019,2.51E-07,0.002451005
9/2/2019,2.47E-07,0.002558411
9/3/2019,2.43E-07,0.002580296
9/4/2019,2.35E-07,0.002481058
9/5/2019,2.34E-07,0.002471125
9/6/2019,2.37E-07,0.002443811
9/7/2019,2.36E-07,0.002480372
9/8/2019,2.38E-07,0.002480445
9/9/2019,2.35E-07,0.002425001
9/10/2019,2.39E-07,0.00240641
9/11/2019,2.35E-07,0.002386899
9/12/2019,2.35E-07,0.002448924
9/13/2019,2.36E-07,0.002438912
9/14/2019,2.38E-07,0.002464933
9/15/2019,2.31E-07,0.002380285
9/16/2019,2.31E-07,0.002373544
9/17/2019,2.55E-07,0.002599958
9/18/2019,2.68E-07,0.002721695
9/19/2019,2.64E-07,0.002713484
9/20/2019,2.61E-07,0.002655039
9/21/2019,2.53E-07,0.002523129
9/22/2019,2.55E-07,0.002561589
9/23/2019,2.58E-07,0.002498036
9/24/2019,2.54E-07,0.002183593
9/25/2019,2.59E-07,0.002179513
9/26/2019,2.64E-07,0.002139423
9/27/2019,2.69E-07,0.002202421
9/28/2019,2.70E-07,0.002215742
9/29/2019,2.78E-07,0.002244191
9/30/2019,2.85E-07,0.002364589
10/1/2019,2.88E-07,0.002390446
10/2/2019,2.78E-07,0.002320966
10/3/2019,2.74E-07,0.002264709
10/4/2019,2.87E-07,0.002345284
10/5/2019,2.84E-07,0.00231062
10/6/2019,2.82E-07,0.002212636
10/7/2019,2.84E-07,0.002335782
10/8/2019,2.85E-07,0.002338165
10/9/2019,2.80E-07,0.002403824
10/10/2019,2.67E-07,0.002289553
10/11/2019,2.72E-07,0.002255703
10/12/2019,2.73E-07,0.002276529
10/13/2019,2.99E-07,0.002478871
10/14/2019,3.02E-07,0.002520506
10/15/2019,3.04E-07,0.002480368
10/16/2019,3.24E-07,0.002591633
10/17/2019,3.42E-07,0.002758192
10/18/2019,3.32E-07,0.002638595
10/19/2019,3.42E-07,0.002718203
10/20/2019,3.25E-07,0.002669345
10/21/2019,3.23E-07,0.002649418
10/22/2019,3.12E-07,0.002506159
10/23/2019,3.30E-07,0.002463979
10/24/2019,3.34E-07,0.00249335
10/25/2019,3.00E-07,0.002599319
10/26/2019,2.83E-07,0.002621483
10/27/2019,2.73E-07,0.002605539
10/28/2019,2.85E-07,0.002653635
10/29/2019,2.71E-07,0.002556497
10/30/2019,2.86E-07,0.002622454
10/31/2019,2.82E-07,0.002579755
11/1/2019,2.80E-07,0.002592431
11/2/2019,2.78E-07,0.002581056
11/3/2019,2.78E-07,0.00256465
11/4/2019,2.78E-07,0.002616978
11/5/2019,2.70E-07,0.002521521
11/6/2019,2.74E-07,0.002559791
11/7/2019,2.96E-07,0.002728048
11/8/2019,3.03E-07,0.002659741
11/9/2019,3.08E-07,0.002714242
11/10/2019,3.08E-07,0.002781844
11/11/2019,3.16E-07,0.002750232
11/12/2019,3.07E-07,0.002699011
11/13/2019,3.09E-07,0.00271123
11/14/2019,3.04E-07,0.002626828
11/15/2019,3.12E-07,0.002645441
11/16/2019,3.16E-07,0.002678658
11/17/2019,3.02E-07,0.002571099
11/18/2019,3.06E-07,0.00250396
11/19/2019,3.05E-07,0.002471982
11/20/2019,3.13E-07,0.002524889
11/21/2019,3.11E-07,0.002370217
11/22/2019,3.21E-07,0.002336502
11/23/2019,3.21E-07,0.002354119
11/24/2019,3.23E-07,0.002245037
11/25/2019,3.18E-07,0.002271088
11/26/2019,3.15E-07,0.00225679
11/27/2019,3.07E-07,0.002308266
11/28/2019,3.04E-07,0.00226298
11/29/2019,3.08E-07,0.002389817
11/30/2019,3.04E-07,0.002297065
12/1/2019,3.07E-07,0.002279869
12/2/2019,3.03E-07,0.002215935
12/3/2019,3.00E-07,0.002194432
12/4/2019,3.03E-07,0.002187054
12/5/2019,2.94E-07,0.002180056
12/6/2019,2.91E-07,0.002193362
12/7/2019,2.92E-07,0.002194343
12/8/2019,2.94E-07,0.002215629
12/9/2019,2.99E-07,0.002191798
12/10/2019,2.97E-07,0.002151292
12/11/2019,2.93E-07,0.002106996
12/12/2019,2.98E-07,0.002142607
12/13/2019,2.91E-07,0.002108148
12/14/2019,2.95E-07,0.002085324
12/15/2019,2.94E-07,0.002088981
12/16/2019,3.04E-07,0.002094151
12/17/2019,2.96E-07,0.001954839
12/18/2019,2.86E-07,0.002080812
12/19/2019,2.85E-07,0.002034423
12/20/2019,2.81E-07,0.002020726
12/21/2019,2.83E-07,0.002021405
12/22/2019,2.77E-07,0.002073145
12/23/2019,2.75E-07,0.002011846
12/24/2019,2.74E-07,0.001984719
12/25/2019,2.81E-07,0.002022872
12/26/2019,2.81E-07,0.002024906
12/27/2019,2.82E-07,0.00203984
12/28/2019,2.75E-07,0.002007153
12/29/2019,2.74E-07,0.002023253
12/30/2019,2.75E-07,0.001985325
12/31/2019,2.76E-07,0.001975914
1/1/2020,2.82E-07,0.002019847
1/2/2020,2.82E-07,0.001958558
1/3/2020,2.71E-07,0.001982021
1/4/2020,2.74E-07,0.002015254
1/5/2020,2.86E-07,0.00209848
1/6/2020,2.73E-07,0.002123685
1/7/2020,2.66E-07,0.002162889
1/8/2020,2.62E-07,0.00211019
1/9/2020,2.76E-07,0.002154957
1/10/2020,2.72E-07,0.002210275
1/11/2020,2.67E-07,0.002142701
1/12/2020,2.68E-07,0.002185232
1/13/2020,2.64E-07,0.002147843
1/14/2020,2.66E-07,0.002346244
1/15/2020,2.66E-07,0.002339602
1/16/2020,2.67E-07,0.002326254
1/17/2020,2.75E-07,0.002453366
1/18/2020,2.87E-07,0.002564564
1/19/2020,2.71E-07,0.002350293
1/20/2020,2.74E-07,0.002366819
1/21/2020,2.75E-07,0.002404499
1/22/2020,2.70E-07,0.002338345
1/23/2020,2.65E-07,0.002215703
1/24/2020,2.64E-07,0.002221365
1/25/2020,2.67E-07,0.002230835
1/26/2020,2.64E-07,0.002260236
1/27/2020,2.65E-07,0.002361059
1/28/2020,2.62E-07,0.002436541
1/29/2020,2.55E-07,0.002370508
1/30/2020,2.56E-07,0.002431105
1/31/2020,2.52E-07,0.002356597
2/1/2020,2.55E-07,0.002390481
2/2/2020,2.64E-07,0.002469021
2/3/2020,2.60E-07,0.002412995
2/4/2020,2.72E-07,0.002491711
2/5/2020,2.66E-07,0.002564449
2/6/2020,2.73E-07,0.00266311
2/7/2020,2.86E-07,0.002799964
2/8/2020,3.20E-07,0.003167081
2/9/2020,3.15E-07,0.003198742
2/10/2020,3.03E-07,0.00299188
2/11/2020,2.95E-07,0.003027958
2/12/2020,2.96E-07,0.003067981
2/13/2020,2.95E-07,0.003024129
2/14/2020,3.05E-07,0.003155194
2/15/2020,2.92E-07,0.00288952
2/16/2020,2.77E-07,0.002756787
2/17/2020,2.74E-07,0.00265579
2/18/2020,2.79E-07,0.002839663
2/19/2020,2.75E-07,0.002649264
2/20/2020,2.72E-07,0.002615966
2/21/2020,2.72E-07,0.002635714
2/22/2020,2.67E-07,0.002580408
2/23/2020,2.67E-07,0.002666226
2/24/2020,2.68E-07,0.002581871
2/25/2020,2.64E-07,0.002466283
2/26/2020,2.67E-07,0.002351911
2/27/2020,2.61E-07,0.002294233
2/28/2020,2.67E-07,0.002333616
2/29/2020,2.61E-07,0.002243983
3/1/2020,2.64E-07,0.002258426
3/2/2020,2.65E-07,0.002360967
3/3/2020,2.87E-07,0.002514773
3/4/2020,2.74E-07,0.002401026
3/5/2020,2.77E-07,0.002513554
3/6/2020,2.76E-07,0.002525772
3/7/2020,2.72E-07,0.002421499
3/8/2020,2.69E-07,0.002183325
3/9/2020,2.79E-07,0.00220023
3/10/2020,2.77E-07,0.002191018
3/11/2020,2.77E-07,0.002199629
3/12/2020,3.09E-07,0.001534542
3/13/2020,3.16E-07,0.00177792
3/14/2020,3.22E-07,0.001658066
3/15/2020,3.12E-07,0.001670837
3/16/2020,3.15E-07,0.001576605
3/17/2020,3.09E-07,0.001673011
3/18/2020,2.95E-07,0.001589463
3/19/2020,2.82E-07,0.001751515
3/20/2020,2.86E-07,0.001763187
3/21/2020,2.88E-07,0.001781115
3/22/2020,2.95E-07,0.001718683
3/23/2020,2.85E-07,0.001848812
3/24/2020,2.74E-07,0.001853467
3/25/2020,2.75E-07,0.001840637
3/26/2020,2.75E-07,0.001859486
3/27/2020,2.77E-07,0.001798267
3/28/2020,2.89E-07,0.001799951
3/29/2020,2.94E-07,0.001736573
3/30/2020,2.83E-07,0.001823292
3/31/2020,2.86E-07,0.001841806
4/1/2020,2.82E-07,0.001872266
4/2/2020,2.78E-07,0.001885675
4/3/2020,2.73E-07,0.001843719
4/4/2020,2.72E-07,0.001868435
4/5/2020,2.76E-07,0.001873347
4/6/2020,2.73E-07,0.00199189
4/7/2020,2.73E-07,0.00196273
4/8/2020,2.75E-07,0.002030861
4/9/2020,2.76E-07,0.002016964
4/10/2020,2.85E-07,0.001951926
4/11/2020,2.84E-07,0.001951984
4/12/2020,2.85E-07,0.001985889
4/13/2020,2.83E-07,0.00194368
4/14/2020,2.88E-07,0.001977849
4/15/2020,2.86E-07,0.001896261
4/16/2020,2.85E-07,0.002033877
4/17/2020,2.84E-07,0.002009721
4/18/2020,2.86E-07,0.002077252
4/19/2020,2.86E-07,0.00204713
4/20/2020,2.84E-07,0.001948549
4/21/2020,2.88E-07,0.0019814
4/22/2020,2.86E-07,0.002038469
4/23/2020,2.77E-07,0.002071595
4/24/2020,2.75E-07,0.002067843
4/25/2020,2.82E-07,0.002128647
4/26/2020,3.15E-07,0.00242341
4/27/2020,3.05E-07,0.002371339
4/28/2020,2.96E-07,0.002296721
4/29/2020,2.87E-07,0.002514891
4/30/2020,2.83E-07,0.002445024
5/1/2020,2.84E-07,0.002510759
5/2/2020,2.82E-07,0.0025296
5/3/2020,2.85E-07,0.002537435
5/4/2020,2.73E-07,0.002423029
5/5/2020,2.76E-07,0.002476243
5/6/2020,2.73E-07,0.002534457
5/7/2020,2.65E-07,0.002649262
5/8/2020,2.66E-07,0.002620108
5/9/2020,2.75E-07,0.00263062
5/10/2020,2.83E-07,0.002464872
5/11/2020,2.80E-07,0.002406386
5/12/2020,2.76E-07,0.002432747
5/13/2020,2.75E-07,0.002564241
5/14/2020,2.64E-07,0.002586587
5/15/2020,2.66E-07,0.002481658
5/16/2020,2.63E-07,0.002470401
5/17/2020,2.63E-07,0.002547864
5/18/2020,2.65E-07,0.002572885
5/19/2020,2.64E-07,0.002576016
5/20/2020,2.66E-07,0.00252784
5/21/2020,2.77E-07,0.002509927
5/22/2020,2.75E-07,0.002522658
5/23/2020,2.76E-07,0.002537514
5/24/2020,2.78E-07,0.002443881
5/25/2020,2.85E-07,0.002541065
5/26/2020,2.84E-07,0.002513387
5/27/2020,2.76E-07,0.002529331
5/28/2020,2.65E-07,0.002534658
5/29/2020,2.65E-07,0.002499468
5/30/2020,2.69E-07,0.00260472
5/31/2020,2.70E-07,0.002551085
6/1/2020,2.61E-07,0.002660198
6/2/2020,2.66E-07,0.002533959
6/3/2020,2.63E-07,0.002535343
6/4/2020,2.65E-07,0.002600982
6/5/2020,2.64E-07,0.002542501
6/6/2020,2.65E-07,0.00256161
6/7/2020,2.65E-07,0.002583237
6/8/2020,2.63E-07,0.002568189
6/9/2020,2.66E-07,0.002599549
6/10/2020,2.64E-07,0.002614115
6/11/2020,2.63E-07,0.002444004
6/12/2020,2.65E-07,0.002507602
6/13/2020,2.65E-07,0.002510112
6/14/2020,2.64E-07,0.002467556
6/15/2020,2.66E-07,0.002510878
6/16/2020,2.65E-07,0.002527159
6/17/2020,2.64E-07,0.002491451
6/18/2020,2.65E-07,0.002490098
6/19/2020,2.64E-07,0.002448354
6/20/2020,2.65E-07,0.002484331
6/21/2020,2.64E-07,0.002453209
6/22/2020,2.56E-07,0.002482336
6/23/2020,2.56E-07,0.002461835
6/24/2020,2.62E-07,0.002439091
6/25/2020,2.61E-07,0.002414082
6/26/2020,2.53E-07,0.002320935
6/27/2020,2.55E-07,0.002297709
6/28/2020,2.52E-07,0.002293018
6/29/2020,2.55E-07,0.002338867
6/30/2020,2.53E-07,0.002317881
7/1/2020,2.55E-07,0.002360938
7/2/2020,2.55E-07,0.002319999
7/3/2020,2.56E-07,0.002324575
7/4/2020,2.54E-07,0.002319911
7/5/2020,2.56E-07,0.002326456
7/6/2020,2.79E-07,0.002608174
7/7/2020,3.33E-07,0.003076773
7/8/2020,5.00E-07,0.004717935
7/9/2020,4.72E-07,0.004356573
7/10/2020,3.81E-07,0.003538494
7/11/2020,4.14E-07,0.003824707
7/12/2020,3.92E-07,0.003642925
7/13/2020,3.40E-07,0.003138948
7/14/2020,3.56E-07,0.003292761
7/15/2020,3.36E-07,0.003089299
7/16/2020,3.25E-07,0.002971477
7/17/2020,3.33E-07,0.003052267
7/18/2020,3.81E-07,0.003494612
7/19/2020,3.66E-07,0.003374552
7/20/2020,3.55E-07,0.003250956
7/21/2020,3.53E-07,0.003312274
7/22/2020,3.45E-07,0.003284098
7/23/2020,3.46E-07,0.003327268
7/24/2020,3.36E-07,0.003206677
7/25/2020,3.37E-07,0.003273211
7/26/2020,3.25E-07,0.003225779
7/27/2020,2.86E-07,0.00316415
7/28/2020,2.96E-07,0.003236868
7/29/2020,2.87E-07,0.003193052
7/30/2020,2.90E-07,0.003231602
7/31/2020,2.85E-07,0.0032301
8/1/2020,3.16E-07,0.003724942
8/2/2020,3.03E-07,0.003359771
8/3/2020,3.04E-07,0.003415837
8/4/2020,3.16E-07,0.003538168
8/5/2020,3.00E-07,0.003518409
8/6/2020,3.04E-07,0.003574871
8/7/2020,3.02E-07,0.003508119
8/8/2020,2.95E-07,0.003458403
8/9/2020,2.92E-07,0.003412712
8/10/2020,2.95E-07,0.0035032
8/11/2020,2.95E-07,0.003356043
8/12/2020,2.97E-07,0.003443471
8/13/2020,2.94E-07,0.003463156
8/14/2020,3.06E-07,0.003602109
8/15/2020,2.98E-07,0.00353832
8/16/2020,2.96E-07,0.003520366
8/17/2020,2.94E-07,0.003614894
8/18/2020,2.94E-07,0.003526693
8/19/2020,2.95E-07,0.003458679
8/20/2020,2.92E-07,0.003465042
8/21/2020,2.93E-07,0.003373567
8/22/2020,2.95E-07,0.003446663
8/23/2020,2.95E-07,0.003446136
8/24/2020,2.89E-07,0.003397243
8/25/2020,2.91E-07,0.003304109
8/26/2020,2.87E-07,0.003287969
8/27/2020,2.85E-07,0.00321967
8/28/2020,2.85E-07,0.003284989
8/29/2020,2.86E-07,0.003283363
8/30/2020,2.84E-07,0.003324085
8/31/2020,2.76E-07,0.003221654
9/1/2020,2.77E-07,0.003310586
9/2/2020,2.74E-07,0.003125694
9/3/2020,2.74E-07,0.0028114
9/4/2020,2.76E-07,0.00288885
9/5/2020,2.74E-07,0.002773543
9/6/2020,2.73E-07,0.002802943
9/7/2020,2.77E-07,0.002868144
9/8/2020,2.75E-07,0.002783976
9/9/2020,2.74E-07,0.002802443
9/10/2020,2.75E-07,0.002846419
9/11/2020,2.68E-07,0.002779308
9/12/2020,2.67E-07,0.002783739
9/13/2020,2.67E-07,0.002751088
9/14/2020,2.64E-07,0.002818174
9/15/2020,2.64E-07,0.0028435
9/16/2020,2.56E-07,0.002809243
9/17/2020,2.56E-07,0.00280262
9/18/2020,2.56E-07,0.00279111
9/19/2020,2.53E-07,0.002798443
9/20/2020,2.54E-07,0.002775521
9/21/2020,2.53E-07,0.002642168
9/22/2020,2.52E-07,0.002650157
9/23/2020,2.47E-07,0.002524389
9/24/2020,2.43E-07,0.002613799
9/25/2020,2.55E-07,0.002728147
9/26/2020,2.53E-07,0.002714554
9/27/2020,2.52E-07,0.002714833
9/28/2020,2.46E-07,0.002636629
9/29/2020,2.46E-07,0.002668803
9/30/2020,2.45E-07,0.002637433
10/1/2020,2.47E-07,0.002618339
10/2/2020,2.45E-07,0.002591261
10/3/2020,2.46E-07,0.002597964
10/4/2020,2.47E-07,0.002634398
10/5/2020,2.43E-07,0.00261965
10/6/2020,2.45E-07,0.002591085
10/7/2020,2.43E-07,0.002591992
10/8/2020,2.39E-07,0.00261047
10/9/2020,2.41E-07,0.002668358
10/10/2020,2.36E-07,0.002663537
10/11/2020,2.35E-07,0.002677319
10/12/2020,2.32E-07,0.002682968
10/13/2020,2.32E-07,0.002656325
10/14/2020,2.33E-07,0.002657851
10/15/2020,2.26E-07,0.002598641
10/16/2020,2.30E-07,0.002609164
10/17/2020,2.27E-07,0.002581615
10/18/2020,2.25E-07,0.002587793
10/19/2020,2.23E-07,0.002617907
10/20/2020,2.17E-07,0.002586326
10/21/2020,2.05E-07,0.002630711
10/22/2020,2.04E-07,0.002657702
10/23/2020,2.05E-07,0.002657649
10/24/2020,2.02E-07,0.002651019
10/25/2020,2.04E-07,0.002665806
10/26/2020,2.04E-07,0.002674367
10/27/2020,1.96E-07,0.002673841
10/28/2020,1.95E-07,0.002589605
10/29/2020,1.92E-07,0.002586533
10/30/2020,1.91E-07,0.002604934
10/31/2020,1.85E-07,0.002557613
11/1/2020,1.86E-07,0.002556461
11/2/2020,1.85E-07,0.002516168
11/3/2020,1.80E-07,0.002524603
11/4/2020,1.81E-07,0.002559301
11/5/2020,1.71E-07,0.002662443
11/6/2020,1.77E-07,0.00275728
11/7/2020,1.80E-07,0.002675904
11/8/2020,1.75E-07,0.002712469
11/9/2020,1.75E-07,0.002679272
11/10/2020,1.82E-07,0.002785251
11/11/2020,1.76E-07,0.002764994
11/12/2020,1.72E-07,0.002801062
11/13/2020,1.74E-07,0.002842567
11/14/2020,1.73E-07,0.002782578
11/15/2020,1.74E-07,0.002777595
11/16/2020,1.74E-07,0.002918937
11/17/2020,1.66E-07,0.002926579
11/18/2020,1.64E-07,0.002919348
11/19/2020,1.64E-07,0.002927776
11/20/2020,1.61E-07,0.003011397
11/21/2020,1.88E-07,0.003521217
11/22/2020,1.83E-07,0.003379456
11/23/2020,1.94E-07,0.003555241
11/24/2020,2.15E-07,0.004119698
11/25/2020,1.97E-07,0.003687116
11/26/2020,1.91E-07,0.003265219
11/27/2020,1.92E-07,0.003280365
11/28/2020,1.92E-07,0.003406831
11/29/2020,1.88E-07,0.003427769
11/30/2020,1.82E-07,0.003569335
12/1/2020,1.76E-07,0.003320153
12/2/2020,1.76E-07,0.003379319
12/3/2020,1.76E-07,0.003433333
12/4/2020,1.76E-07,0.003306173
12/5/2020,1.78E-07,0.003394851
12/6/2020,1.75E-07,0.003388913
12/7/2020,1.75E-07,0.003352601
12/8/2020,1.73E-07,0.00317144
12/9/2020,1.71E-07,0.003170499
12/10/2020,1.70E-07,0.003110649
12/11/2020,1.71E-07,0.003084338
12/12/2020,1.68E-07,0.003164323
12/13/2020,1.71E-07,0.003273296
12/14/2020,1.68E-07,0.003234954
12/15/2020,1.65E-07,0.003211704
12/16/2020,1.61E-07,0.003442522
12/17/2020,1.64E-07,0.00374661
12/18/2020,1.66E-07,0.003830569
12/19/2020,1.65E-07,0.003934537
12/20/2020,1.98E-07,0.004655218
12/21/2020,2.11E-07,0.004840807
12/22/2020,1.90E-07,0.004503738
12/23/2020,1.65E-07,0.00384714
12/24/2020,1.92E-07,0.00455875
12/25/2020,1.86E-07,0.004577418
12/26/2020,1.71E-07,0.004533143
12/27/2020,1.74E-07,0.004596063
12/28/2020,1.68E-07,0.004542774
12/29/2020,1.65E-07,0.004500283
12/30/2020,1.62E-07,0.004671028
12/31/2020,1.63E-07,0.004734629
1/1/2021,1.89E-07,0.005564868
1/2/2021,3.29E-07,0.010530084
1/3/2021,3.01E-07,0.010014561
1/4/2021,3.05E-07,0.009710644
1/5/2021,2.90E-07,0.009856221
1/6/2021,2.84E-07,0.010408255
1/7/2021,2.46E-07,0.009639091
1/8/2021,2.45E-07,0.009991901
1/9/2021,2.55E-07,0.010307717
1/10/2021,2.56E-07,0.009821204
1/11/2021,2.46E-07,0.008672107
1/12/2021,2.37E-07,0.007998965
1/13/2021,2.30E-07,0.008583913
1/14/2021,2.41E-07,0.009402664
1/15/2021,2.54E-07,0.00934043
1/16/2021,2.56E-07,0.009252133
1/17/2021,2.53E-07,0.009128966
1/18/2021,2.51E-07,0.009201754
1/19/2021,2.52E-07,0.009130596
1/20/2021,2.56E-07,0.009109163
1/21/2021,2.65E-07,0.008217764
1/22/2021,2.58E-07,0.008497795
1/23/2021,2.67E-07,0.008544248
1/24/2021,2.74E-07,0.008815318
1/25/2021,2.58E-07,0.008360045
1/26/2021,2.55E-07,0.008308449
1/27/2021,2.46E-07,0.007479055
1/28/2021,9.11E-07,0.030543955
1/29/2021,1.42E-06,0.048633752
1/30/2021,8.47E-07,0.029098049
1/31/2021,1.15E-06,0.038120517
2/1/2021,1.03E-06,0.034704622
2/2/2021,8.89E-07,0.03163077
2/3/2021,9.77E-07,0.036705958
2/4/2021,1.44E-06,0.053407206
2/5/2021,1.23E-06,0.046797437
2/6/2021,1.46E-06,0.057429426
2/7/2021,2.06E-06,0.080281133
2/8/2021,1.71E-06,0.07893251
2/9/2021,1.49E-06,0.069576734
2/10/2021,1.61E-06,0.07275496
2/11/2021,1.45E-06,0.069611591
2/12/2021,1.47E-06,0.069683471
2/13/2021,1.41E-06,0.066586856
2/14/2021,1.26E-06,0.06131208
2/15/2021,1.19E-06,0.057147903
2/16/2021,1.08E-06,0.053315862
2/17/2021,9.35E-07,0.048834765
2/18/2021,1.16E-06,0.060023783
2/19/2021,9.82E-07,0.054843538
2/20/2021,9.71E-07,0.054243808
2/21/2021,9.82E-07,0.056468091
2/22/2021,9.88E-07,0.053312683
2/23/2021,9.74E-07,0.047289742
2/24/2021,1.13E-06,0.056239367
2/25/2021,1.07E-06,0.050688662
2/26/2021,1.09E-06,0.050418199
2/27/2021,1.09E-06,0.049920269
2/28/2021,1.07E-06,0.048586745
3/1/2021,1.02E-06,0.050602559
3/2/2021,1.04E-06,0.050392907
3/3/2021,1.00E-06,0.050831246
3/4/2021,1.04E-06,0.050435831
3/5/2021,1.02E-06,0.049566841
3/6/2021,1.05E-06,0.051184471
3/7/2021,1.01E-06,0.051837111
3/8/2021,1.17E-06,0.06101009
3/9/2021,1.06E-06,0.058124133
3/10/2021,9.99E-07,0.056087884
3/11/2021,9.67E-07,0.055912172
3/12/2021,9.66E-07,0.055399169
3/13/2021,9.87E-07,0.060471421
3/14/2021,9.90E-07,0.059304886
3/15/2021,1.02E-06,0.05737176
3/16/2021,1.03E-06,0.058473948
3/17/2021,9.87E-07,0.05793908
3/18/2021,9.97E-07,0.057576799
3/19/2021,1.00E-06,0.058419943
3/20/2021,1.01E-06,0.059031428
3/21/2021,1.00E-06,0.057558612
3/22/2021,1.02E-06,0.055345011
3/23/2021,9.84E-07,0.053688276
3/24/2021,9.83E-07,0.05169526
3/25/2021,9.98E-07,0.051458753
3/26/2021,9.83E-07,0.053892994
3/27/2021,9.73E-07,0.054498164
3/28/2021,9.62E-07,0.053595838
3/29/2021,9.39E-07,0.054050949
3/30/2021,9.22E-07,0.054079226
3/31/2021,9.11E-07,0.053569083
4/1/2021,1.04E-06,0.061327262
4/2/2021,9.80E-07,0.05783595
4/3/2021,9.80E-07,0.056108903
4/4/2021,9.86E-07,0.057360616
4/5/2021,1.01E-06,0.059526498
4/6/2021,1.10E-06,0.063963404
4/7/2021,1.06E-06,0.059405369
4/8/2021,1.06E-06,0.061543152
4/9/2021,1.06E-06,0.061391963
4/10/2021,1.07E-06,0.063651859
4/11/2021,1.25E-06,0.074777964
4/12/2021,1.18E-06,0.070902064
4/13/2021,1.47E-06,0.09307335
4/14/2021,1.94E-06,0.1220027
4/15/2021,2.81E-06,0.177733355
4/16/2021,6.10E-06,0.375427098
4/17/2021,4.82E-06,0.290387865
4/18/2021,5.72E-06,0.322299743
4/19/2021,7.26E-06,0.405288333
4/20/2021,5.87E-06,0.331439891
4/21/2021,5.71E-06,0.308350489
4/22/2021,5.07E-06,0.263224454
4/23/2021,4.84E-06,0.246395844
4/24/2021,5.40E-06,0.271710321
4/25/2021,5.18E-06,0.253707121
4/26/2021,5.03E-06,0.27120512
4/27/2021,4.95E-06,0.272432214
4/28/2021,5.89E-06,0.322858366
4/29/2021,5.72E-06,0.306598675
4/30/2021,5.86E-06,0.338295064
5/1/2021,6.77E-06,0.391756719
5/2/2021,6.70E-06,0.378761095
5/3/2021,7.72E-06,0.44207285
5/4/2021,1.02E-05,0.548512085
5/5/2021,1.14E-05,0.655049596
5/6/2021,1.03E-05,0.583586273
5/7/2021,1.20E-05,0.685334696
5/8/2021,1.09E-05,0.639128382
5/9/2021,9.84E-06,0.573801953
5/10/2021,8.02E-06,0.448575705
5/11/2021,8.76E-06,0.49596295
5/12/2021,8.37E-06,0.426742634
5/13/2021,9.85E-06,0.486071635
5/14/2021,1.13E-05,0.564845827
5/15/2021,1.08E-05,0.508838984
5/16/2021,1.12E-05,0.513701616
5/17/2021,1.12E-05,0.487313752
5/18/2021,1.11E-05,0.476589658
5/19/2021,9.10E-06,0.342565868
5/20/2021,9.82E-06,0.400699361
5/21/2021,9.59E-06,0.356628386
5/22/2021,9.17E-06,0.345006968
5/23/2021,8.87E-06,0.308308311
5/24/2021,9.44E-06,0.364567583
5/25/2021,9.05E-06,0.346154936
5/26/2021,8.99E-06,0.352509633
5/27/2021,8.64E-06,0.332657073
5/28/2021,8.71E-06,0.310085327
5/29/2021,8.73E-06,0.302840777
5/30/2021,8.49E-06,0.302799659
5/31/2021,8.75E-06,0.326518388
6/1/2021,1.02E-05,0.374069481
6/2/2021,1.13E-05,0.426345776
6/3/2021,1.01E-05,0.396820978
6/4/2021,1.02E-05,0.377680451
6/5/2021,1.05E-05,0.371218715
6/6/2021,1.04E-05,0.371186534
6/7/2021,9.88E-06,0.33335151
6/8/2021,9.81E-06,0.328496721
6/9/2021,9.21E-06,0.34404145
6/10/2021,8.90E-06,0.327806964
6/11/2021,8.54E-06,0.317583878
6/12/2021,8.78E-06,0.313194163
6/13/2021,8.30E-06,0.323228881
6/14/2021,8.09E-06,0.327457449
6/15/2021,7.97E-06,0.320674405
6/16/2021,8.03E-06,0.307153724
6/17/2021,8.04E-06,0.305849863
6/18/2021,8.19E-06,0.292465273
6/19/2021,8.08E-06,0.287296062
6/20/2021,7.88E-06,0.280669136
6/21/2021,5.65E-06,0.179187482
6/22/2021,5.83E-06,0.188829018
6/23/2021,6.99E-06,0.234789213
6/24/2021,7.60E-06,0.26351766
6/25/2021,7.58E-06,0.240246524
6/26/2021,7.56E-06,0.24094331
